262R,262 REVERE,Robusto,2R1,,8.99,14.00
262R,262 REVERE,Toro,2R2,,10.75,11.00
ACID,ACID,1400 cc,ac1,,15.75,0.00
ACID,ACID,Blondie Belicoso,ac4,,8.99,0.00
ACID,ACID,Blondie Mad,ac5,,8.99,0.00
ACID,ACID,Blue Conn Tin,ac6,,30.99,0.00
ACID,ACID,Cold Infusion,ac7,,12.25,0.00
ACID,ACID,DEADWOOD TIN,ac2,818578013724,42.99,1.00
ACID,ACID,Deep Dish,ac8,,13.99,0.00
ACID,ACID,Krush blue tin,ac12,876742000000,42.99,0.00
ACID,ACID,KRUSH MORADO,ac11,876742000031,42.99,1.00
ACID,ACID,krush Red tin,ac16,876742000024,42.99,4.00
ACID,ACID,Kuba Kuba,ac9,,18.99,0.00
ACID,ACID,Kuba Kuba,ac10,,11.99,0.00
ACID,ACID,OPEN,ac13,,18.99,0.00
ACID,ACID,OPEN,ac3,,21.99,0.00
ACID,ACID,TABAK DULCE CAFECITA,ac14,876742000802,42.99,4.00
ACID,ACID,Wafe,ac15,,6.75,0.00
ACME,ACME,66 Big Rig,acm3,,8.75,0.00
ACME,ACME,66 Tandem,acm4,,9.25,0.00
ACME,ACME,Premier Rob,acm1,,9.25,0.00
ACME,ACME,san Andres Toro,acm2,,10.50,0.00
AFUENTE,AFUENTE,858 mad,af2,843182100072,13.99,0.00
AFUENTE,AFUENTE,858 nat,af3,843182100096,15.99,20.00
AFUENTE,AFUENTE,858 nat 10 ct box,dr10,,159.99,6.00
AFUENTE,AFUENTE,858 ROSADO SUNGROWN,af4,843182100249,15.99,13.00
AFUENTE,AFUENTE,858 xc,af6,843182100218,15.99,18.00
AFUENTE,AFUENTE,af ashtray,af128,,59.99,4.00
AFUENTE,AFUENTE,AF ULITIMATE COLL BK,af13,,1882.50,1.00
AFUENTE,AFUENTE,ANEJO RESV 46 MAD,af105,,21.99,23.00
AFUENTE,AFUENTE,ANEJO RESV 50 MAD,af98,,22.99,21.00
AFUENTE,AFUENTE,ANEJO RESV 55 MAD,af112,,27.99,20.00
AFUENTE,AFUENTE,ANEJO RESV 60 MAD,af19,,25.99,25.00
AFUENTE,AFUENTE,ANEJO RESV 888 MAD,af5,,23.99,0.00
AFUENTE,AFUENTE,anejo shark 77 mad,af114,,25.99,0.00
AFUENTE,AFUENTE,angel share rdc tin,af 102,,109.99,0.00
AFUENTE,AFUENTE,canones mad,af16,,17.99,29.00
AFUENTE,AFUENTE,canones nat,af17,,20.99,51.00
AFUENTE,AFUENTE,carlito santa,af75,,30.00,1.00
AFUENTE,AFUENTE,carlos personal resv 5 ct. box,af124,,275.00,3.00
AFUENTE,AFUENTE,casa cub dbl tres,af22,843182120315,17.99,-12.00
AFUENTE,AFUENTE,casa cuba dbl cuatro,af38,,20.99,60.00
AFUENTE,AFUENTE,casa cuba dbl dos,af130,,20.99,18.00
AFUENTE,AFUENTE,casa cuba dbl seis,af23,,22.99,120.00
AFUENTE,AFUENTE,casa cuba dbl sinco,af7,,18.99,2.00
AFUENTE,AFUENTE,casa cuba divine insp,af21,,18.99,0.00
AFUENTE,AFUENTE,casa fuente 807 mad,af10,,32.99,5.00
AFUENTE,AFUENTE,CB DB BL CUTTER BOX,af11,,220.00,3.00
AFUENTE,AFUENTE,chat cuban beli sg,af113,843182100485,16.99,21.00
AFUENTE,AFUENTE,chat fue king T,af89,,23.99,6.00
AFUENTE,AFUENTE,chat fuente pyramid,af1,,18.99,6.00
AFUENTE,AFUENTE,chateau fuente mad,af24,843182100577,13.99,133.00
AFUENTE,AFUENTE,chateau fuente sg,af64,,27.99,79.00
AFUENTE,AFUENTE,chateau nat,af25,843182100607,16.99,29.00
AFUENTE,AFUENTE,chateau sungrown,af29,,13.99,-20.00
AFUENTE,AFUENTE,church sel doro,af118,,14.99,1.00
AFUENTE,AFUENTE,cra 2023 10pk,af111,,210.00,2.00
AFUENTE,AFUENTE,CRA pk/single,af117,,29.99,3.00
AFUENTE,AFUENTE,Cubanitos tin 10 ct,af30,843182101048,54.99,33.00
AFUENTE,AFUENTE,Cubanitos tin 10 ct,af30,843182103592,54.99,33.00
AFUENTE,AFUENTE,curly head deluxe mad,af122,,7.99,75.00
AFUENTE,AFUENTE,curly head deluxe nat,af18,,7.99,22.00
AFUENTE,AFUENTE,curly head mad,af9,,8.99,0.00
AFUENTE,AFUENTE,dbl chateau fue mad,af42,843182101307,16.99,17.00
AFUENTE,AFUENTE,dbl chateau fue nat,af43,843182101338,16.99,23.00
AFUENTE,AFUENTE,dbl chateau sg,af44,,16.99,0.00
AFUENTE,AFUENTE,don carlos dbl rob,af34,,22.99,28.00
AFUENTE,AFUENTE,don carlos no 2,af36,843182121626,27.99,96.00
AFUENTE,AFUENTE,don carlos no 3,af119,843182121688,24.99,70.00
AFUENTE,AFUENTE,don carlos no 4,af45,783465783,25.99,38.00
AFUENTE,AFUENTE,don carlos president reserve,af37,843182121824,32.99,13.00
AFUENTE,AFUENTE,don carlos presidente,af39,843182121862,24.99,48.00
AFUENTE,AFUENTE,don carlos rob,af101,843182121916,19.99,27.00
AFUENTE,AFUENTE,el baton beli,af8,076622089457,15.99,81.00
AFUENTE,AFUENTE,el baton dbl tor,af12,076622089204,14.99,65.00
AFUENTE,AFUENTE,el baton dbl torp,af31,076622089105,13.99,66.00
AFUENTE,AFUENTE,el baton rob,af88,076622089303,12.99,46.00
AFUENTE,AFUENTE,exquisitos mad,af104,,7.99,0.00
AFUENTE,AFUENTE,exquisitos sg,af125,,7.99,67.00
AFUENTE,AFUENTE,eye of bull 5 ct. box,af127,,250.00,4.00
AFUENTE,AFUENTE,eye of shark,af35,,34.99,20.00
AFUENTE,AFUENTE,eye of shark 5 ct. box,af120,,250.00,6.00
AFUENTE,AFUENTE,eye of the bull,af107,843182122111,22.99,0.00
AFUENTE,AFUENTE,FFOX 25 ANN HUMIDOR,af131,,500.00,1.00
AFUENTE,AFUENTE,FFOX 25 ANNIVERSARY,af83,,97.99,20.00
AFUENTE,AFUENTE,ffox angels share perf x tin,af97,,42.99,0.00
AFUENTE,AFUENTE,ffox dog bowl med,af33,,79.99,2.00
AFUENTE,AFUENTE,ffox DUBAI SOL D AMOR,af109,,21.99,20.00
AFUENTE,AFUENTE,FFOX DUBAI VIENTO AMOR,af14,,67.50,20.00
AFUENTE,AFUENTE,FFOX EL TRECE MAGISTRAL,af84,,54.00,0.00
AFUENTE,AFUENTE,FFOX FOR X DESEOS AMOR,af103,,47.99,20.00
AFUENTE,AFUENTE,ffox forb x amor sensual,af20,,56.99,20.00
AFUENTE,AFUENTE,ffox forbidden x pasion amor,dr17,,51.99,20.00
AFUENTE,AFUENTE,ffox fuente story ashtray,af96,,699.99,1.00
AFUENTE,AFUENTE,FFOX GOD WHISPER,af116,,49.99,20.00
AFUENTE,AFUENTE,ffox oro osc belicoso,af123,,28.99,40.00
AFUENTE,AFUENTE,FFOX PERF X TIN,af110,,102.09,-2.00
AFUENTE,AFUENTE,hands of time expresso cup,af102,,45.00,1.00
AFUENTE,AFUENTE,hemi best sell mad,af52,843182122319,15.99,4.00
AFUENTE,AFUENTE,hemi best sell nat,af53,,15.99,2.00
AFUENTE,AFUENTE,hemi between line,af55,843182122357,31.99,1.00
AFUENTE,AFUENTE,hemi classic nat,af54,,22.99,38.00
AFUENTE,AFUENTE,HEMI CLASSIC SG,af59,,20.99,14.00
AFUENTE,AFUENTE,hemi mad masterpiece,af56,,30.99,7.00
AFUENTE,AFUENTE,hemi short story mad,af132,843182122517,14.99,0.00
AFUENTE,AFUENTE,HEMI SHORT STORY NAT,af57,843182122548,14.99,63.00
AFUENTE,AFUENTE,hemi sign nat,af106,,21.50,61.00
AFUENTE,AFUENTE,hemi signature mad,af60,843182122630,18.99,27.00
AFUENTE,AFUENTE,hemi signature sg,af115,843182122708,19.99,28.00
AFUENTE,AFUENTE,hemi work art mad,af61,7893465787,21.99,76.00
AFUENTE,AFUENTE,hemi work art mad,af61,843182122746,21.99,76.00
AFUENTE,AFUENTE,hemi work art nat,af62,843182122760,21.99,88.00
AFUENTE,AFUENTE,king b sungrown,af66,843182100508,19.99,47.00
AFUENTE,AFUENTE,king T nat tubo,af28,,21.99,-1.00
AFUENTE,AFUENTE,king T tubo rosado,af27,,21.99,1.00
AFUENTE,AFUENTE,open to use,af79,,23.99,0.00
AFUENTE,AFUENTE,opus x big papo,af 100,,20.75,0.00
AFUENTE,AFUENTE,opus X perfection 888,af78,,28.99,-1.00
AFUENTE,AFUENTE,opus x rob,af 101,,24.25,0.00
AFUENTE,AFUENTE,opus X SUPER BELI,af134,,40.99,29.00
AFUENTE,AFUENTE,opusX,af76,,0.00,0.00
AFUENTE,AFUENTE,opusX beli,af67,,23.99,0.00
AFUENTE,AFUENTE,opusX dbl cor,af69,,37.99,32.00
AFUENTE,AFUENTE,opusX fue fue,af70,,25.99,29.00
AFUENTE,AFUENTE,opusX perf no 4 oro,af74,,45.99,22.00
AFUENTE,AFUENTE,opusX perf no 5,af73,,23.99,11.00
AFUENTE,AFUENTE,opusX perfection tin,af77,,122.00,0.00
AFUENTE,AFUENTE,opusX Petite Lanc,af121,,26.99,32.00
AFUENTE,AFUENTE,opusX Res D Chat,af71,,32.99,0.00
AFUENTE,AFUENTE,opusX rob,af72,,31.99,0.00
AFUENTE,AFUENTE,opux x rob,af81,,19.25,0.00
AFUENTE,AFUENTE,queen b sungrown,af85,843182100645,19.99,41.00
AFUENTE,AFUENTE,RARE PINK CUTTER,af15,,205.00,2.00
AFUENTE,AFUENTE,RARE PINK SHORT STORY,af108,,16.99,60.00
AFUENTE,AFUENTE,RARE PINK WORK ART,af82,,22.99,0.00
AFUENTE,AFUENTE,rosado r44,af87,843182123255,14.25,64.00
AFUENTE,AFUENTE,rosado r52,af99,843182123286,15.99,2.00
AFUENTE,AFUENTE,ROSADO R54,af100,,18.99,13.00
AFUENTE,AFUENTE,rosado r56,af90,,16.99,33.00
AFUENTE,AFUENTE,rosado r58,af91,,16.99,15.00
AFUENTE,AFUENTE,ROSADO SUPER 60,af92,843182123415,23.99,112.00
AFUENTE,AFUENTE,rothchild mad,af93,,12.99,24.00
AFUENTE,AFUENTE,rothchild nat,af94,,12.99,22.00
AFUENTE,AFUENTE,royal salute nat sg,af126,,18.99,0.00
AFUENTE,AFUENTE,story coffee mug,af26,,40.00,0.00
AFUENTE,AFUENTE,unname reserva,af133,,24.99,52.00
AFUENTE,AFUENTE,untold story,af65,,21.50,25.00
AFUENTE,AFUENTE,WHERE IS CARLITO PINK,af80,,35.00,0.00
AFUENTE,AFUENTE,Xtrm hol coll 2020,af129,,199.99,2.00
AGANORSA,AGANORSA,ANN TORO CORO,FON12,7427025678329,24.99,1.00
AGANORSA,AGANORSA,ANN toro ct bp,fon11,,24.99,0.00
AGANORSA,AGANORSA,ANN TORO MAD BP,FON13,7427025678732,24.99,5.00
AGANORSA,AGANORSA,JFR 770,fon7,7426824777349,16.99,13.00
AGANORSA,AGANORSA,JFR CONN TITAN 60,FON9,7426824782398,13.99,0.00
AGANORSA,AGANORSA,JFR MAD TITAN 60,FON8,7426824777370,14.99,5.00
AGANORSA,AGANORSA,JFR rob,fon6,,11.99,10.00
AGANORSA,AGANORSA,LUNATIC 8X80 HAB,FON15,7426824777509,18.99,0.00
AGANORSA,AGANORSA,LUNATIC 8X80 MAD,FON14,7426824777264,19.99,19.00
AGANORSA,AGANORSA,rare leaf toro mad,fon10,7427025678275,22.99,0.00
ALECB,ALEC BRADLEY,american gordo,ab1,,7.99,0.00
ALECB,ALEC BRADLEY,american rob,ab2,,6.50,0.00
ALECB,ALEC BRADLEY,blk market church,ab3,,9.50,0.00
ALECB,ALEC BRADLEY,blk market toro,ab25,,10.25,0.00
ALECB,ALEC BRADLEY,coyol beli,ab4,,10.75,10.00
ALECB,ALEC BRADLEY,coyol gordo,ab5,,10.99,0.00
ALECB,ALEC BRADLEY,coyol rob,ab6,,9.25,17.00
ALECB,ALEC BRADLEY,fam blend d3,ab7,815337010451,8.99,4.00
ALECB,ALEC BRADLEY,mundial no5,ab12,,14.99,0.00
ALECB,ALEC BRADLEY,Mundial TAA,ab26,,26.99,0.00
ALECB,ALEC BRADLEY,mundial4,ab9,,5.99,59.00
ALECB,ALEC BRADLEY,mundial5 2nds,ab10,,6.99,15.00
ALECB,ALEC BRADLEY,mundial7,ab11,,7.99,0.00
ALECB,ALEC BRADLEY,mundial8,ab8,,8.99,16.00
ALECB,ALEC BRADLEY,nica puro toro,ab13,,8.99,0.00
ALECB,ALEC BRADLEY,prensado rob,ab15,,11.99,0.00
ALECB,ALEC BRADLEY,prensado toro,ab14,,15.25,0.00
ALECB,ALEC BRADLEY,prensado torpedo,ab16,,15.25,0.00
ALECB,ALEC BRADLEY,raices cub rob,ab17,,11.00,51.00
ALECB,ALEC BRADLEY,raices cub toro,ab18,,11.99,11.00
ALECB,ALEC BRADLEY,sungrown churchill,ab20,,6.50,0.00
ALECB,ALEC BRADLEY,tempus centuria,ab21,,11.99,0.00
ALECB,ALEC BRADLEY,tempus medius6,ab23,,10.50,3.00
ALECB,ALEC BRADLEY,tempus terra nova,ab24,,10.75,6.00
AMERS,AMERICAN SPIRIT,blue,am1,,11.00,0.00
AMERS,AMERICAN SPIRIT,green,am2,,11.00,0.00
AMERS,AMERICAN SPIRIT,green full bod,am7,,11.00,0.00
AMERS,AMERICAN SPIRIT,green mellow,am6,,11.00,0.00
AMERS,AMERICAN SPIRIT,orange,am3,,11.00,0.00
AMERS,AMERICAN SPIRIT,yellow,am4,,11.00,0.00
AR,AGINGROOM,mad quatro 54x6,ag2,,20.99,0.00
AR,AGINGROOM,quatro vibrato 54x6,ag1,811438024519,18.99,0.00
ASHTON,ASHTON,cigarello Conn,as2,,17.75,0.00
ASHTON,ASHTON,cigarillos,as1,,16.75,0.00
ASHTON,ASHTON,esg 20,as5,,36.99,0.00
ASHTON,ASHTON,esg 23,as4,,36.99,0.00
ASHTON,ASHTON,senoritas,as3,,15.99,0.00
ASHTON,ASHTON,vsg enchant,as 6,,23.99,0.00
ASYLUM,ASYLUM13,50x5,asy1,854185004236,10.99,9.00
ASYLUM,ASYLUM13,52x6,asy2,855290006405,12.99,27.00
ASYLUM,ASYLUM13,60 x 6,asy3,,14.99,0.00
ASYLUM,ASYLUM13,70x7,asy4,,9.75,0.00
ASYLUM,ASYLUM13,80x8,asy5,,12.50,0.00
AVO,AVO,class 10puritos,av1,,27.99,0.00
AVO,AVO,class no 9,av6,,10.99,0.00
AVO,AVO,class no3,av4,,14.50,0.00
AVO,AVO,class piramid,av7,,15.99,0.00
AVO,AVO,class rob tub,av9,,12.50,0.00
AVO,AVO,class robusto,av8,,11.75,0.00
AVO,AVO,classic mad no 2,av3,7623500425727,23.25,20.00
AVO,AVO,classic no 6,av25,,24.99,0.00
AVO,AVO,classic no2,av2,,13.25,0.00
AVO,AVO,core toro selectioin ce,av5,,43.25,6.00
AVO,AVO,domaine 10pur,av14,,32.75,0.00
AVO,AVO,domaine 30,av10,,12.99,0.00
AVO,AVO,domaine 40,av11,,15.75,0.00
AVO,AVO,domaine 50,av12,,15.99,0.00
AVO,AVO,domaine 70,av28,,19.75,0.00
AVO,AVO,domaine toro tubo 70,av13,,21.50,0.00
AVO,AVO,herit rob,av15,,11.25,0.00
AVO,AVO,herit short rob,av16,,10.25,0.00
AVO,AVO,herit spec toro,av17,7623500244670,25.99,19.00
AVO,AVO,herit toro,av18,,19.99,0.00
AVO,AVO,open,av22,,25.99,0.00
AVO,AVO,sign sml corona,av19,,11.99,0.00
AVO,AVO,synchro rob,av20,7623500244595,12.25,0.00
AVO,AVO,synchro spe toro,av21,,14.75,0.00
AVO,AVO,synchro toro tub,av23,,25.00,0.00
AVO,AVO,xo legato toro,av24,7623500244526,24.99,0.00
AVO,AVO,xo noturno tub,av26,,12.75,0.00
AVO,AVO,xo preludo,av27,,11.99,0.00
BHOUSE,BRICKHOUSE,BH mad rob,bh6,,13.99,1.00
BHOUSE,BRICKHOUSE,BH mad toro,bh7,,14.99,23.00
BHOUSE,BRICKHOUSE,BH nat church,bh5,,15.99,38.00
BHOUSE,BRICKHOUSE,BH nat rob,bh11,,13.99,1.00
BHOUSE,BRICKHOUSE,BH nat toro,bh12,,14.99,11.00
BHOUSE,BRICKHOUSE,BH TORO  SAMPLER,af32,,47.99,2.00
BHOUSE,BRICKHOUSE,brick perla 6 x 60 samp,bh14,,54.99,0.00
BHOUSE,BRICKHOUSE,dbl conn church,bh4,076622025011,15.99,7.00
BHOUSE,BRICKHOUSE,dbl conn rob,bh2,,10.99,0.00
BHOUSE,BRICKHOUSE,dbl conn toro,bh3,076622025219,14.99,48.00
BHOUSE,BRICKHOUSE,mighty dbl conn,bh9,076622025417,16.99,2.00
BHOUSE,BRICKHOUSE,mighty mad,bh10,076622025455,16.99,60.00
BHOUSE,BRICKHOUSE,mighty nat,bh8,076622025400,16.99,20.00
BHOUSE,BRICKHOUSE,open to use,bh1,,12.99,0.00
BHOUSE,BRICKHOUSE,traveler tubo,bh13,,15.99,20.00
BLOODLIN,BLOODLINE,blonde big toro,bl1,,13.75,48.00
BLOODLIN,BLOODLINE,blonde churchill,bl2,,12.50,3.00
BLOODLIN,BLOODLINE,blonde corona,bl3,,10.99,10.00
BLOODLIN,BLOODLINE,blonde petit lancero,bl4,,12.50,38.00
BLOODLIN,BLOODLINE,blonde rob,bl7,,11.25,51.00
BLOODLIN,BLOODLINE,blonde stemma,bl5,,11.99,3.00
BLOODLIN,BLOODLINE,blonde toro,bl6,,11.99,45.00
BLOODLIN,BLOODLINE,brunete petit lancero,bl8,,10.75,60.00
BLOODLIN,BLOODLINE,brunete progency,bl9,,11.25,59.00
BLOODLIN,BLOODLINE,brunete rob,bl10,,10.75,56.00
BLOODLIN,BLOODLINE,brunete toro,bl11,,12.50,20.00
BLOODLIN,BLOODLINE,brunete toro grande,bl12,,11.00,40.00
BLOODLIN,BLOODLINE,habano gordito,bl13,,12.50,57.00
BLOODLIN,BLOODLINE,habano progency,bl14,,12.50,60.00
BLOODLIN,BLOODLINE,habano rob,bl15,,11.25,13.00
BLOODLIN,BLOODLINE,habano stemma,bl16,,11.75,82.00
BLOODLIN,BLOODLINE,habano stock,bl17,,13.75,54.00
BLOODLIN,BLOODLINE,habano vestige,bl18,,12.50,67.00
BREW,BREW,black stout gig mad,br1,,10.50,12.00
BREW,BREW,blk stout toro mad,br2,,9.99,18.00
BREW,BREW,molten rock 60,br3,,10.25,22.00
BREW,BREW,molten rock lancero,br4,,9.99,21.00
BREW,BREW,molten rock toro,br5,,9.99,21.00
BREW,BREW,wht powder 60,br6,,10.99,19.00
BREW,BREW,wht powder rob,br7,,9.25,16.00
BREW,BREW,wht powder toro,br8,,9.25,7.00
CAFERN,CASA FERNANDEZ,58 toro,cf1,,11.25,0.00
CAFERN,CASA FERNANDEZ,arsenio rob,cf3,,8.50,0.00
CAFERN,CASA FERNANDEZ,mad rob,cf2,,8.50,0.00
CAMACHO,CAMACHO,cetros nat,cm1,,13.25,6.00
CAMACHO,CAMACHO,corojo corona,cm2,,8.50,5.00
CAMACHO,CAMACHO,corojo fig,cm3,,11.25,0.00
CAMACHO,CAMACHO,corojo toro,cm4,,10.25,0.00
CAMACHO,CAMACHO,criollo gigante,cm5,,10.25,0.00
CAMACHO,CAMACHO,figurado nat,cm7,,13.99,0.00
CAMACHO,CAMACHO,liberty 2008,cm6,7623500175783,35.99,17.00
CAMACHO,CAMACHO,monarca candela corojo,cm10,,8.50,0.00
CAMACHO,CAMACHO,nacionales corona,cm11,,9.00,0.00
CAMACHO,CAMACHO,OPEN,cm9,,14.25,0.00
CAMACHO,CAMACHO,open,cm13,,0.00,0.00
CAMACHO,CAMACHO,perfecto no 1,cm8,,12.99,2.00
CAMACHO,CAMACHO,triple mad rob,cm12,,13.25,0.00
CAO,CAO,annv church,ca17,,10.25,0.00
CAO,CAO,annv roth,ca16,,9.25,0.00
CAO,CAO,bella van tin,fla2,,23.75,0.00
CAO,CAO,bella vanilla cor,ca1,,6.50,0.00
CAO,CAO,brazilia mini cig,fla6,,19.99,0.00
CAO,CAO,brz gol,ca5,,9.75,0.00
CAO,CAO,cao cher bom tin,fla4,,23.75,0.00
CAO,CAO,cao gold honey tin,fla7,,23.75,0.00
CAO,CAO,cao karma spl tin,fla8,,23.75,0.00
CAO,CAO,caramel joe tin,fla3,652125107913,23.75,0.00
CAO,CAO,eileen dream tin,fla5,,23.75,0.00
CAO,CAO,extreme church,ca6,,9.99,9.00
CAO,CAO,extreme toro,ca7,,9.50,0.00
CAO,CAO,five cariovas,ca8,,19.99,0.00
CAO,CAO,flathead big block,ca9,,12.75,0.00
CAO,CAO,flathead camshaft,ca10,,9.99,0.00
CAO,CAO,flathead carb,ca11,,10.99,0.00
CAO,CAO,gold honey corona,ca12,,7.50,0.00
CAO,CAO,italia gondola,ca14,,13.99,1.00
CAO,CAO,italia piazza 60,ca15,,11.75,1.00
CAO,CAO,L'anniv rob,ca18,,11.25,19.00
CAO,CAO,large humidor,ca2,,300.00,0.00
CAO,CAO,lx2 rob,ca22,,8.75,5.00
CAO,CAO,moontrance cor,ca23,,7.50,0.00
CAO,CAO,moontrance rob,ca24,,7.50,0.00
CAO,CAO,moontrance tin,fla9,,23.75,0.00
CAO,CAO,mx2 gordo,ca25,,11.25,0.00
CAO,CAO,traviata divinos,ca19,,11.99,0.00
CAO,CAO,traviata int,ca3,652125018219,13.99,14.00
CAO,CAO,traviata radiante,ca21,652125018110,12.99,16.00
CASAMAG,CASA MAGNA,churchill,cas1,,9.75,2.00
CASAMAG,CASA MAGNA,cigaritos,cas2,,6.75,0.00
CASAMAG,CASA MAGNA,colorado beli,cas4,,9.50,0.00
CASAMAG,CASA MAGNA,colorado diadema,cas5,,10.50,4.00
CASAMAG,CASA MAGNA,sampler,cas6,,19.99,1.00
CASAMIRA,CASA MIRANDA,chapter 1 rob,cam1,,12.50,0.00
CASAMIRA,CASA MIRANDA,chapter 1 toro,cam2,,12.75,0.00
CASAMIRA,CASA MIRANDA,chapter 1 torpedo,cam3,,13.75,33.00
CHAROAK,CHARTER OAK,charteroak lonsdale,cd1,,7.99,0.00
CHAROAK,CHARTER OAK,charteroak toro,cd3,,8.25,0.00
CHAROAK,CHARTER OAK,se foundation cigars,cd9,,12.99,0.00
CHAROAK,CHARTER OAK,see founadation cigars,cd8,,9.99,0.00
CHAROAK,CHARTER OAK,see foundation cigars,cd4,,7.99,0.00
CHAROAK,CHARTER OAK,see foundation cigars,cd5,,12.99,0.00
CHAROAK,CHARTER OAK,see foundation cigars,cd10,,13.99,0.00
CIGARETE,CIGARETTES,camel blue,cig2,,11.00,0.00
CIGARETE,CIGARETTES,camel crush,cig3,,11.00,0.00
CIGARETE,CIGARETTES,camel filters,cig4,,11.00,0.00
CIGARETE,CIGARETTES,camel wides,cig5,,11.00,0.00
CIGARETE,CIGARETTES,cigarillos vanilla,cig7,,16.99,0.00
CIGARETE,CIGARETTES,djarum cherry,cig11,751667067553,10.99,0.00
CIGARETE,CIGARETTES,djarum menthol,cig12,,10.99,0.00
CIGARETE,CIGARETTES,djarum mild,cig14,,10.99,0.00
CIGARETE,CIGARETTES,djarum special,cig15,,10.99,0.00
CIGARETE,CIGARETTES,djarum vanilla,cig13,,10.99,0.00
CIGARETE,CIGARETTES,djarum woodtip,cig48,,10.99,0.00
CIGARETE,CIGARETTES,dreams cherry,cig16,,10.99,0.00
CIGARETE,CIGARETTES,dreams vanilla,cig18,,10.99,0.00
CIGARETE,CIGARETTES,ESCO blue rasp lemon,cig17,,14.99,7.00
CIGARETE,CIGARETTES,gummed zig zag,cig1,,0.99,0.00
CIGARETE,CIGARETTES,habana real 20mini,cig20,699625000016,8.99,7.00
CIGARETE,CIGARETTES,humid 30g gel pack,cig21,,4.99,2.00
CIGARETE,CIGARETTES,humid 60g gel pack,cig22,,7.99,0.00
CIGARETE,CIGARETTES,malboro gold pack,cig25,,11.00,0.00
CIGARETE,CIGARETTES,malrboro gld,cig47,,11.00,0.00
CIGARETE,CIGARETTES,marlboro gold pack 100,cig26,,11.00,0.00
CIGARETE,CIGARETTES,marlboro gold spe bln 100,cig27,,11.00,0.00
CIGARETE,CIGARETTES,marlboro no27,cig28,,11.00,0.00
CIGARETE,CIGARETTES,marlboro red,cig29,,11.00,0.00
CIGARETE,CIGARETTES,marlboro red 100,cig30,,11.00,0.00
CIGARETE,CIGARETTES,marlboro silber pack,cig32,,11.00,0.00
CIGARETE,CIGARETTES,marlboro silver 100,cig33,,11.00,0.00
CIGARETE,CIGARETTES,meharis 20cig Brz,cig34,8710622515005,21.50,1.00
CIGARETE,CIGARETTES,meharis 20cig Ecuador,cig35,8710622511656,21.50,2.00
CIGARETE,CIGARETTES,meharis 20cig Ecuador,cig35,8710622514701,21.50,2.00
CIGARETE,CIGARETTES,meharis 20cig java,cig36,,21.50,3.00
CIGARETE,CIGARETTES,raw roll caddy,cig6,,12.99,7.00
CIGARETE,CIGARETTES,sancho pan matadors tin,cig51,,14.99,2.00
CIGARETE,CIGARETTES,toscanello caffe,cig39,8059145100801,16.99,3.00
CIGARETE,CIGARETTES,toscanello grape,cig50,8059145103710,16.99,4.00
CIGARETE,CIGARETTES,toscanello mini,cig40,,16.99,0.00
CIGARETE,CIGARETTES,toscanello vanilla,cig49,8059145100849,16.99,2.00
CIGARETE,CIGARETTES,toscano antico 5cig,cig41,8059145100665,25.00,0.00
CIGARETE,CIGARETTES,toscano classico 5,cig42,,25.00,1.00
CIGARETE,CIGARETTES,turkish export tobacco,cig43,761073242314,12.99,1.00
CIGARETE,CIGARETTES,zancho pan cord,cig37,,4.25,0.00
CIGARETE,CIGARETTES,zig zag,cig46,,0.99,0.00
CIGDEAL,CIG DEALS,cafe creme arome,cd17,,12.50,0.00
CIGDEAL,CIG DEALS,cafe creme blue,cd15,,12.50,0.00
CIGDEAL,CIG DEALS,cafe creme original,cd16,,12.50,0.00
CIGDEAL,CIG DEALS,don tomas 10coronitas,cd12,,14.99,0.00
CLE,CLE,40 corona,cle1,,7.99,0.00
CLE,CLE,azabache 5x50,cle2,,8.75,0.00
CLE,CLE,azabache 60,cle4,,11.25,0.00
CLE,CLE,azabache 6x54,cle3,,9.99,0.00
CORNEL,CORNEL ANTHONY,daddy mac gordo,cor1,,13.75,0.00
CORNEL,CORNEL ANTHONY,daddy mac rob,cor2,,11.25,13.00
CORNEL,CORNEL ANTHONY,daddy mac toro,cor3,,12.50,15.00
CROWNHEA,CROWN HEADS,angels anvil toro,chead1,,13.25,8.00
CUBCRU,CUBATU CRU,aperitif conn gordo,cuba1,,13.75,18.00
CUBCRU,CUBATU CRU,digestif mad gordo,cuba2,,13.75,20.00
CUBO,CUBO,mad gordo toro,cubo1,858128006202,13.99,95.00
CUBO,CUBO,mad rob,cubo2,,7.99,2.00
CUBREAL,CUBANA REAL,conn 60,cub3,,5.99,60.00
CUBREAL,CUBANA REAL,Conn dbl corona,cub15,,5.75,2.00
CUBREAL,CUBANA REAL,conn rob,cub2,,4.50,36.00
CUBREAL,CUBANA REAL,conn toro,cub4,,5.25,40.00
CUBREAL,CUBANA REAL,conn torpedo,cub5,,5.50,30.00
CUBREAL,CUBANA REAL,hab 60,cub7,,5.99,66.00
CUBREAL,CUBANA REAL,hab dbl cor,cub1,,5.75,38.00
CUBREAL,CUBANA REAL,hab rob,cub6,,4.50,61.00
CUBREAL,CUBANA REAL,hab toro,cub8,,5.25,37.00
CUBREAL,CUBANA REAL,hab torp,cub14,,4.75,39.00
CUBREAL,CUBANA REAL,mad 60,cub11,,5.99,3.00
CUBREAL,CUBANA REAL,mad dbl cor,cub9,,5.75,58.00
CUBREAL,CUBANA REAL,mad rob,cub10,,4.50,5.00
CUBREAL,CUBANA REAL,mad toro,cub12,,5.25,32.00
CUBREAL,CUBANA REAL,mad torpedo,cub13,,5.50,59.00
DAVIDOFF,DAVIDOFF,#1 ANN,d13,7623500510355,96.00,0.00
DAVIDOFF,DAVIDOFF,ANN SPEC R TUBO,d10,,40.25,0.00
DAVIDOFF,DAVIDOFF,anniv entreacto,d4,,19.75,0.00
DAVIDOFF,DAVIDOFF,anniv no 3 tubo,d5,,50.25,0.00
DAVIDOFF,DAVIDOFF,anniv short perfecto,d6,,34.25,0.00
DAVIDOFF,DAVIDOFF,anniv spe R rob,d7,,39.25,0.00
DAVIDOFF,DAVIDOFF,anniversary dbl Rob,d3,,76.50,11.00
DAVIDOFF,DAVIDOFF,col claro spe no3,d9,,49.25,0.00
DAVIDOFF,DAVIDOFF,escurio gran toro,d33,,16.00,0.00
DAVIDOFF,DAVIDOFF,escurio pet rob,d32,,10.00,0.00
DAVIDOFF,DAVIDOFF,gran cru rob,d14,7623500310481,39.75,0.00
DAVIDOFF,DAVIDOFF,gran cru toro,d15,,58.25,23.00
DAVIDOFF,DAVIDOFF,late hour church,d16,,56.99,19.00
DAVIDOFF,DAVIDOFF,late hour rob,d17,7623500332681,39.99,0.00
DAVIDOFF,DAVIDOFF,late hour toro,d18,,54.25,11.00
DAVIDOFF,DAVIDOFF,LORD BALT CHURCH,d1,,10.99,1.00
DAVIDOFF,DAVIDOFF,mill rob,d12,7623500278842,43.99,0.00
DAVIDOFF,DAVIDOFF,mill rob,d12,7623500297591,43.99,0.00
DAVIDOFF,DAVIDOFF,mill rob tubo,d19,,44.25,0.00
DAVIDOFF,DAVIDOFF,mill short rob,d20,,37.25,0.00
DAVIDOFF,DAVIDOFF,MILLENIUM TORO,d21,,62.50,10.00
DAVIDOFF,DAVIDOFF,mini cig silver,d2,,34.99,0.00
DAVIDOFF,DAVIDOFF,nica box press rob,d22,,30.75,0.00
DAVIDOFF,DAVIDOFF,nica diademas,d24,,40.50,0.00
DAVIDOFF,DAVIDOFF,nica toro ce,d25,,47.25,21.00
DAVIDOFF,DAVIDOFF,signature 2000 tub,d8,,55.25,4.00
DAVIDOFF,DAVIDOFF,signature no 2 ce,d23,7623500271195,44.75,12.00
DAVIDOFF,DAVIDOFF,tubo nica rob,d26,,31.75,0.00
DAVIDOFF,DAVIDOFF,wins church rob,d28,,33.75,0.00
DAVIDOFF,DAVIDOFF,wins church toro,d29,,37.25,0.00
DAVIDOFF,DAVIDOFF,WINSTON CHURCH CHURCH,d34,7623500242706,37.99,0.00
DAVIDOFF,DAVIDOFF,winston church church,d27,,39.25,0.00
DAVIDOFF,DAVIDOFF,WINSTON CHURCH TORO,d36,,35.99,0.00
DAVIDOFF,DAVIDOFF,wsc late hr church ce,d35,,43.99,0.00
DAVIDOFF,DAVIDOFF,yamasa rob,d30,,31.75,0.00
DAVIDOFF,DAVIDOFF,yamasa toro,d31,7623500282924,46.50,0.00
DAVIDOFF,DAVIDOFF,YEAR OF THE RABBIT,d11,,81.00,10.00
DCROWN,DIAMOND CROWN,dc dbl rob # 4 nat,dc18,,24.99,18.00
DCROWN,DIAMOND CROWN,DC MAX DBL BEL #10 SG,dc16,,31.99,19.00
DCROWN,DIAMOND CROWN,DC ROB #2 NAT,dc1,076622097391,31.99,8.00
DCROWN,DIAMOND CROWN,dc rob 4 nat,dc5,,23.99,3.00
DCROWN,DIAMOND CROWN,DC ROB no  1 NAT,dc9,,33.99,19.00
DCROWN,DIAMOND CROWN,dc rob no 4 mad,dc14,076622097476,24.99,31.00
DCROWN,DIAMOND CROWN,dc rob no 5 nat,dc15,076622097421,24.99,13.00
DCROWN,DIAMOND CROWN,dc toro # 3 nat,dc3,,28.99,14.00
DCROWN,DIAMOND CROWN,MAX CHURCH #2,dc17,,28.99,20.00
DCROWN,DIAMOND CROWN,max rob no 5,dc13,076622098053,21.99,11.00
DCROWN,DIAMOND CROWN,max toro no 4,dc6,076622098046,25.99,12.00
DCROWN,DIAMOND CROWN,no 3 rob nat,dc377,,26.99,15.00
DCROWN,DIAMOND CROWN,no 3 rob nat,dc2,076622098039,26.99,0.00
DCROWN,DIAMOND CROWN,no6 fig mad,dc12,,26.75,4.00
DCROWN,DIAMOND CROWN,no6 figurado nat,dc10,,22.99,0.00
DCROWN,DIAMOND CROWN,royal sampler4,dc4,,78.99,0.00
DEBONAIR,DEBONAIRE,ultra prem 1st degree,deb2,,7.50,1.00
DEBONAIR,DEBONAIRE,ultra prem beli,deb1,,17.50,35.00
DEBONAIR,DEBONAIRE,ultra prem lancero,deb3,,9.99,0.00
DEBONAIR,DEBONAIRE,ultra prem rob,deb4,7460262300417,8.50,0.00
DEBONAIR,DEBONAIRE,ultra prem toro,deb5,,17.50,0.00
DONLINO,DON LINO,church natural,dl1,,13.25,28.00
DONLINO,DON LINO,no 1 nat,dl2,,10.25,0.00
DONPEPIN,DON PEPIN,cuban classic 1950 toro,donp4,817673011079,13.99,0.00
DONPEPIN,DON PEPIN,cuban classic 2001 toro gor,donp3,817673011093,15.50,26.00
DONPEPIN,DON PEPIN,delicias,donp6,817673010812,18.00,56.00
DONPEPIN,DON PEPIN,lancero collec,donp1,,12.50,2.00
DONPEPIN,DON PEPIN,toro generoso,donp2,817673010799,16.50,37.00
DONPEPIN,DON PEPIN,toro gordo 6x56,donp7,,19.50,50.00
DONPEPIN,DON PEPIN,toro gran 6x60,donp5,817673011239,21.00,0.00
DRINKS,DRINKS,CELSIUS DRINK,b11,,3.00,5.00
DRINKS,DRINKS,COCONUT WATER,b5,,3.00,0.00
DRINKS,DRINKS,COFFEE,b12,,1.50,350.00
DRINKS,DRINKS,coke can,b9,04963406,1.50,47.00
DRINKS,DRINKS,COKE ZERO,b15,,1.50,67.00
DRINKS,DRINKS,COLOM COFFEE,b14,,3.00,0.00
DRINKS,DRINKS,DrPepper  Diet can,b3,,1.50,13.00
DRINKS,DRINKS,Kirk cold coff,b6,096619226504,3.00,0.00
DRINKS,DRINKS,open,b4,,1.50,0.00
DRINKS,DRINKS,open,b2,,2.50,0.00
DRINKS,DRINKS,open to use,b10,,1.50,0.00
DRINKS,DRINKS,pelegrino,pel,,3.00,0.00
DRINKS,DRINKS,prem protein drink,b13,,3.00,68.00
DRINKS,DRINKS,PROTEIN BAR,b16,749826126449,2.00,75.00
DRINKS,DRINKS,Redbull,b7,611269991000,3.00,19.00
DRINKS,DRINKS,Redbull Sugarfree,b8,,3.00,20.00
DRINKS,DRINKS,Starbucks Mocha,b22,01264904,3.00,27.00
DRINKS,DRINKS,Starbucks Mocha,b1,,3.00,18.00
DRINKS,DRINKS,water,cig44,011110877215,1.49,195.00
DSTATE,DREW ESTATE,bait fish 5cig,dr1,876742005050,49.99,2.00
DSTATE,DREW ESTATE,big juicy,dr3,,8.75,0.00
DSTATE,DREW ESTATE,blackend dbl cor,dr5,818578010068,22.99,51.00
DSTATE,DREW ESTATE,blackend rob,dr32,818578010051,20.99,24.00
DSTATE,DREW ESTATE,blackend toro,dr9,818578010693,21.99,38.00
DSTATE,DREW ESTATE,clean rob,dr4,,10.99,0.00
DSTATE,DREW ESTATE,DEADWOOD GWNN,dr37,,21.99,78.00
DSTATE,DREW ESTATE,DEADWOOD SWEET JANE,dr34,876742005098,18.99,77.00
DSTATE,DREW ESTATE,dirt torpedo,dr6,,9.99,0.00
DSTATE,DREW ESTATE,english nat,dr7,,10.25,0.00
DSTATE,DREW ESTATE,fat bottom betty rob,dr36,876742005135,20.99,20.00
DSTATE,DREW ESTATE,fat bottom betty toro,dr33,,22.99,38.00
DSTATE,DREW ESTATE,isla rob,dr8,,8.99,0.00
DSTATE,DREW ESTATE,isla SG toro,dr28,,12.99,53.00
DSTATE,DREW ESTATE,KFCC PONIES TINS,dr16,,30.00,15.00
DSTATE,DREW ESTATE,LEATHER ROSE TORP,dr35,818578015391,20.99,91.00
DSTATE,DREW ESTATE,norteno beli fino,dr12,,13.75,0.00
DSTATE,DREW ESTATE,norteno braz mad toro,dr27,,15.25,0.00
DSTATE,DREW ESTATE,norteno coronita,dr13,,7.50,0.00
DSTATE,DREW ESTATE,norteno lonsdale,dr14,,15.99,0.00
DSTATE,DREW ESTATE,norteno piramide fino,dr25,876742004015,19.99,2.00
DSTATE,DREW ESTATE,norteno rob grande,dr11,876742004022,19.99,28.00
DSTATE,DREW ESTATE,norteno toro,dr15,,13.00,0.00
DSTATE,DREW ESTATE,norteno toro especial,dr26,876742004046,20.99,12.00
DSTATE,DREW ESTATE,sweet jane,dr18,,10.75,0.00
DSTATE,DREW ESTATE,tabac colada negra,dr22,,6.75,0.00
DSTATE,DREW ESTATE,tabac dulce cor,dr19,,9.99,0.00
DSTATE,DREW ESTATE,tabac dulce rob,dr20,,10.50,0.00
DSTATE,DREW ESTATE,tabac dulce toro,dr21,,11.99,0.00
DSTATE,DREW ESTATE,tabac negra corona,dr23,,11.99,0.00
DSTATE,DREW ESTATE,tabac negra rob,dr24,,10.50,0.00
DSTATE,DREW ESTATE,tobac dulce rob,dw1,,11.25,0.00
DSTATE,DREW ESTATE,tobac negra rob,dr30,,13.99,0.00
DSTATE,DREW ESTATE,tobaco negra toro,dr29,,14.99,0.00
DSTATE,DREW ESTATE,yr rat trade,dr31,,32.99,0.00
DUNHILL,DUNHILL,signed range rob,dun1,,12.00,0.00
DUNHILL,DUNHILL,signed range torp,dun2,,15.25,1.00
EC,ESTEBAN CARRERAS,$24.99 4pack,EC1,,24.99,-1.00
EC,ESTEBAN CARRERAS,$29.99 4pack,ec2,,29.99,25.00
EC,ESTEBAN CARRERAS,187 sixty,ec3,,9.99,75.00
EC,ESTEBAN CARRERAS,187 sp,ec4,,8.99,71.00
EC,ESTEBAN CARRERAS,187 toro,ec5,,8.99,88.00
EC,ESTEBAN CARRERAS,187 torpedo,ec6,,8.99,64.00
EC,ESTEBAN CARRERAS,211 corona,ec11,,8.99,21.00
EC,ESTEBAN CARRERAS,211 sixty,ec10,,9.99,74.00
EC,ESTEBAN CARRERAS,211 toro,ec12,,8.99,75.00
EC,ESTEBAN CARRERAS,211 torpedo,ec13,,9.99,50.00
EC,ESTEBAN CARRERAS,5150 sixty,ec14,,9.99,2.00
EC,ESTEBAN CARRERAS,5150 sp,ec17,,9.99,94.00
EC,ESTEBAN CARRERAS,5150 toro,ec15,,8.99,106.00
EC,ESTEBAN CARRERAS,5150 torpedo,ec16,,9.99,35.00
EC,ESTEBAN CARRERAS,barberpole 60,ec19,,10.50,17.00
EC,ESTEBAN CARRERAS,barberpole rob,ec18,,7.99,88.00
EC,ESTEBAN CARRERAS,barberpole toro,ec20,,8.99,38.00
EC,ESTEBAN CARRERAS,barberpole torpedo,ec21,,9.99,55.00
EC,ESTEBAN CARRERAS,bargain bin,ec22,,4.99,10.00
EC,ESTEBAN CARRERAS,blk cross 60,ec27,,13.99,23.00
EC,ESTEBAN CARRERAS,blk cross bonita,ec23,,8.99,7.00
EC,ESTEBAN CARRERAS,blk cross cervantes,ec24,,13.99,0.00
EC,ESTEBAN CARRERAS,blk cross corona,ec25,,10.99,90.00
EC,ESTEBAN CARRERAS,blk cross rob,ec26,,10.99,5.00
EC,ESTEBAN CARRERAS,brz cross 60,ec31,,12.99,70.00
EC,ESTEBAN CARRERAS,brz cross fig,ec30,,13.99,37.00
EC,ESTEBAN CARRERAS,brz cross toro,ec32,,10.99,38.00
EC,ESTEBAN CARRERAS,brz cross torpedo,ec33,,11.99,36.00
EC,ESTEBAN CARRERAS,cash 60,ec207,856713007528,12.99,42.00
EC,ESTEBAN CARRERAS,cash boolit,ec200,856713007344,7.99,155.00
EC,ESTEBAN CARRERAS,cash church,ec202,856713007313,11.99,22.00
EC,ESTEBAN CARRERAS,cash toro,ec201,856713007283,11.99,110.00
EC,ESTEBAN CARRERAS,cash torp,ec150,856713007498,11.99,125.00
EC,ESTEBAN CARRERAS,cc10boo,ec203,,8.99,69.00
EC,ESTEBAN CARRERAS,cc10rob,ec206,,11.99,120.00
EC,ESTEBAN CARRERAS,cc10six,ec205,,14.99,46.00
EC,ESTEBAN CARRERAS,cc10toro,ec204,,13.99,59.00
EC,ESTEBAN CARRERAS,chupa 60 mad,ec46,,13.99,57.00
EC,ESTEBAN CARRERAS,chupa 60 nat,ec51,,13.99,23.00
EC,ESTEBAN CARRERAS,chupa chupita mad,ec39,,6.99,160.00
EC,ESTEBAN CARRERAS,chupa chupita nat,ec34,,6.99,57.00
EC,ESTEBAN CARRERAS,chupa corona nat,ec35,,10.99,111.00
EC,ESTEBAN CARRERAS,chupa dbl cor nat,ec36,,13.99,56.00
EC,ESTEBAN CARRERAS,chupa gordito mad,ec41,,13.99,15.00
EC,ESTEBAN CARRERAS,chupa gordito nat,ec37,,13.99,53.00
EC,ESTEBAN CARRERAS,chupa lancero nat,ec38,,10.99,118.00
EC,ESTEBAN CARRERAS,chupa mad 60 10 ct,ec153,,80.00,3.00
EC,ESTEBAN CARRERAS,chupa mad corona,ec44,,10.99,33.00
EC,ESTEBAN CARRERAS,chupa mad dbl cor,ec40,,13.99,28.00
EC,ESTEBAN CARRERAS,chupa mad lancero,ec42,,11.99,15.00
EC,ESTEBAN CARRERAS,chupa mad rob,ec43,,10.99,37.00
EC,ESTEBAN CARRERAS,chupa mad siglo,ec45,,12.99,20.00
EC,ESTEBAN CARRERAS,chupa mad toro,ec47,,11.99,33.00
EC,ESTEBAN CARRERAS,chupa mad torpedo,ec48,,11.99,20.00
EC,ESTEBAN CARRERAS,chupa nat 60 10 ct.,e54,,90.00,0.00
EC,ESTEBAN CARRERAS,chupa nat rob,ec49,,10.99,50.00
EC,ESTEBAN CARRERAS,chupa nat siglo,ec50,,11.99,23.00
EC,ESTEBAN CARRERAS,chupa nat toro,ec52,,11.99,121.00
EC,ESTEBAN CARRERAS,chupa nat torpedo,ec53,,11.99,58.00
EC,ESTEBAN CARRERAS,cognac 5x44,ec54,,7.99,58.00
EC,ESTEBAN CARRERAS,cognac 6x45,ec55,,8.99,3.00
EC,ESTEBAN CARRERAS,conn wl  60,ec8,856713005647,12.99,42.00
EC,ESTEBAN CARRERAS,conn wl belicoso,ec56,,12.99,110.00
EC,ESTEBAN CARRERAS,conn wl church,ec57,,11.99,87.00
EC,ESTEBAN CARRERAS,conn wl coronita,ec58,,6.99,49.00
EC,ESTEBAN CARRERAS,conn wl gran cor,ec59,856713003797,11.99,85.00
EC,ESTEBAN CARRERAS,conn wl rob,ec60,,10.99,80.00
EC,ESTEBAN CARRERAS,cov dbl cor mad,ec62,,12.99,34.00
EC,ESTEBAN CARRERAS,cov mad rob,ec63,,10.99,65.00
EC,ESTEBAN CARRERAS,cov mad toro,ec64,,11.99,35.00
EC,ESTEBAN CARRERAS,cov mad torpedo,ec65,,12.99,55.00
EC,ESTEBAN CARRERAS,cov nat toro,ec67,,11.99,12.00
EC,ESTEBAN CARRERAS,cov nat torp,ec68,,12.99,27.00
EC,ESTEBAN CARRERAS,cov rob nat,ec66,,9.99,8.00
EC,ESTEBAN CARRERAS,cs conn church,ec69,,100.00,2.00
EC,ESTEBAN CARRERAS,cs conn toro,ec71,,100.00,2.00
EC,ESTEBAN CARRERAS,cs mad 60,ec75,,100.00,0.00
EC,ESTEBAN CARRERAS,cs mad toro,ec76,,100.00,0.00
EC,ESTEBAN CARRERAS,cs nat church,ec72,,100.00,2.00
EC,ESTEBAN CARRERAS,DICTATORS HAND 60,ec149,856713007917,14.99,55.00
EC,ESTEBAN CARRERAS,DICTATORS HAND BOO,ec9,856713007931,8.99,67.00
EC,ESTEBAN CARRERAS,DICTATORS hand mad boo,ec7,856713008495,9.99,47.00
EC,ESTEBAN CARRERAS,DICTATORS HAND mad sixty,ec151,856713008471,14.99,32.00
EC,ESTEBAN CARRERAS,DICTATORS HAND mad toro,856713003940,856713008488,13.99,54.00
EC,ESTEBAN CARRERAS,DICTATORS HAND TORO,ec148,856713007924,13.99,91.00
EC,ESTEBAN CARRERAS,dies anos church,ec77,,11.99,146.00
EC,ESTEBAN CARRERAS,dies anos pres own,ec78,,10.99,133.00
EC,ESTEBAN CARRERAS,dies anos rob,ec79,,10.99,124.00
EC,ESTEBAN CARRERAS,dies anos toro,ec80,,11.99,84.00
EC,ESTEBAN CARRERAS,dies anos torp,ec81,,13.99,98.00
EC,ESTEBAN CARRERAS,EC ASHTRAY,ec156,,39.99,0.00
EC,ESTEBAN CARRERAS,hab 60 mad,ec89,856713003513,12.99,15.00
EC,ESTEBAN CARRERAS,hab 60 nat,ec95,856713003636,12.99,85.00
EC,ESTEBAN CARRERAS,hab cor mad,ec91,,9.99,8.00
EC,ESTEBAN CARRERAS,hab cor nat,ec96,,9.99,38.00
EC,ESTEBAN CARRERAS,hab dbl cor mad,ec87,856713003629,11.99,14.00
EC,ESTEBAN CARRERAS,hab dbl cor nat,ec86,,11.99,12.00
EC,ESTEBAN CARRERAS,hab rob mad,ec90,,9.99,1.00
EC,ESTEBAN CARRERAS,hab rob nat,ec93,,9.99,4.00
EC,ESTEBAN CARRERAS,hab roth 454 mad,ec88,,7.99,4.00
EC,ESTEBAN CARRERAS,hab rothman 454 nat,ec94,856713003582,7.99,1.00
EC,ESTEBAN CARRERAS,hab toro mad,ec92,856713003483,10.99,50.00
EC,ESTEBAN CARRERAS,hab toro nat,ec97,856713003605,10.99,62.00
EC,ESTEBAN CARRERAS,hellcat 60,ec99,856713004039,12.99,92.00
EC,ESTEBAN CARRERAS,hellcat 60 10 ct,ec154,,80.00,0.00
EC,ESTEBAN CARRERAS,hellcat hellcatito,ec100,856713005340,6.99,157.00
EC,ESTEBAN CARRERAS,hellcat pres own,ec98,,10.99,96.00
EC,ESTEBAN CARRERAS,hellcat rob,ec101,856713004015,10.99,35.00
EC,ESTEBAN CARRERAS,hellcat toro,ec102,856713004022,11.99,79.00
EC,ESTEBAN CARRERAS,las canas boo,ec125,,10.99,116.00
EC,ESTEBAN CARRERAS,las canas six,ec61,,18.75,132.00
EC,ESTEBAN CARRERAS,las canas toro,ec28,,15.75,92.00
EC,ESTEBAN CARRERAS,latte 5x44,ec103,,7.99,97.00
EC,ESTEBAN CARRERAS,latte 6x45,ec104,,8.99,81.00
EC,ESTEBAN CARRERAS,liga3 mad 60,ec111,,10.99,0.00
EC,ESTEBAN CARRERAS,liga3 mad corona,ec107,,8.99,89.00
EC,ESTEBAN CARRERAS,liga3 mad dbl cor,ec108,,10.99,28.00
EC,ESTEBAN CARRERAS,liga3 mad rob,ec109,,8.99,32.00
EC,ESTEBAN CARRERAS,liga3 mad siglo,ec110,,10.99,5.00
EC,ESTEBAN CARRERAS,liga3 mad toro,ec112,,9.99,80.00
EC,ESTEBAN CARRERAS,liga3 mad torpedo,ec113,,9.99,22.00
EC,ESTEBAN CARRERAS,mrbrown 60 mad,ec122,856713003940,12.99,62.00
EC,ESTEBAN CARRERAS,mrbrown 60 nat,ec118,856713004503,12.99,86.00
EC,ESTEBAN CARRERAS,mrbrown boolit mad,ec114,856713004466,7.99,80.00
EC,ESTEBAN CARRERAS,mrbrown boolit nat,ec115,856713004541,7.99,84.00
EC,ESTEBAN CARRERAS,mrbrown chuchy nat,ec116,856713004527,11.99,34.00
EC,ESTEBAN CARRERAS,mrbrown mad 60 10 ct.,ec84,,80.00,1.00
EC,ESTEBAN CARRERAS,mrbrown pres own mad,ec120,,10.99,60.00
EC,ESTEBAN CARRERAS,mrbrown pres own nat,ec117,,10.99,60.00
EC,ESTEBAN CARRERAS,mrbrown rob mad,ec121,856713003957,10.99,40.00
EC,ESTEBAN CARRERAS,mrbrown toro mad,ec123,856713003933,11.99,104.00
EC,ESTEBAN CARRERAS,mrbrown toro nat,ec119,856713004510,11.99,104.00
EC,ESTEBAN CARRERAS,ocho 60,ec129,,10.99,34.00
EC,ESTEBAN CARRERAS,ocho corona,ec124,,8.99,21.00
EC,ESTEBAN CARRERAS,ocho dbl corona,ec83,,10.99,46.00
EC,ESTEBAN CARRERAS,ocho lancero,ec126,,9.99,5.00
EC,ESTEBAN CARRERAS,ocho robusto,ec127,,9.99,0.00
EC,ESTEBAN CARRERAS,ocho siglo,ec128,,10.99,46.00
EC,ESTEBAN CARRERAS,ocho toro,ec130,,9.99,37.00
EC,ESTEBAN CARRERAS,ocho torpedo,ec131,,8.99,15.00
EC,ESTEBAN CARRERAS,pigtail 60,ec136,,10.99,75.00
EC,ESTEBAN CARRERAS,pigtail corona,ec132,,8.99,2.00
EC,ESTEBAN CARRERAS,pigtail dbl cor,ec133,,10.99,145.00
EC,ESTEBAN CARRERAS,pigtail lancero,ec134,,8.99,100.00
EC,ESTEBAN CARRERAS,pigtail siglo,ec135,,10.99,13.00
EC,ESTEBAN CARRERAS,pigtail toro,ec137,,9.99,131.00
EC,ESTEBAN CARRERAS,pigtail torpedo,ec138,,9.99,104.00
EC,ESTEBAN CARRERAS,purple 5x44,ec157,,7.99,38.00
EC,ESTEBAN CARRERAS,purple hze 6x45,ec158,,8.99,24.00
EC,ESTEBAN CARRERAS,soga de oro mad boo,ec73,856713008648,13.99,101.00
EC,ESTEBAN CARRERAS,soga de oro mad six,ec70,856713008921,21.99,74.00
EC,ESTEBAN CARRERAS,soga de oro mad toro,ec74,856713008938,18.00,50.00
EC,ESTEBAN CARRERAS,soga sixty,ec82,856713008570,14.99,125.00
EC,ESTEBAN CARRERAS,Soga sumatra boo,ec159,856713008839,13.99,133.00
EC,ESTEBAN CARRERAS,Soga sumatra six,ec29,856713008853,21.99,122.00
EC,ESTEBAN CARRERAS,soga sumatra toro,ec152,856713008846,18.00,57.00
EC,ESTEBAN CARRERAS,soga toro,856713006330,856713008563,12.99,42.00
EC,ESTEBAN CARRERAS,solar lantern,ec139,,24.99,0.00
EC,ESTEBAN CARRERAS,unfor 60,ec142,856713007122,13.99,97.00
EC,ESTEBAN CARRERAS,unfor 70,ec143,856713007153,14.99,79.00
EC,ESTEBAN CARRERAS,unfor boolit,ec140,856713007115,7.99,69.00
EC,ESTEBAN CARRERAS,unfor pres own,ec141,856713004381,10.99,94.00
EC,ESTEBAN CARRERAS,unfor toro,ec144,856713007139,10.99,95.00
EC,ESTEBAN CARRERAS,unfor toro 10 ct,ec155,,60.00,2.00
EC,ESTEBAN CARRERAS,vanilla 5x44,ec145,,7.99,82.00
EC,ESTEBAN CARRERAS,vanilla 6x45,ec146,,8.99,111.00
EC,ESTEBAN CARRERAS,vigilante mad,ec147,,6.99,18.00
EDGARHOI,EDGAR HOILL,48x4 hustle,edg1,,8.00,2.00
EDGARHOI,EDGAR HOILL,60x6 nat,edg2,,13.99,0.00
EDGARHOI,EDGAR HOILL,cultura 40x54,edg3,,14.99,18.00
EDGARHOI,EDGAR HOILL,pasion 48x50,edg4,,16.99,20.00
ELREY,EL REY DEL MUNDO,olvidados chateau r,elr,,10.99,0.00
ELREY,EL REY DEL MUNDO,RDM 2024 ROB LARGA OSC,el1,,9.99,0.00
EPCARRI,EP CARILLO,ALLEGIANCE CHAPERONE,ep16,811167022374,22.99,29.00
EPCARRI,EP CARILLO,ALLEGIANCE CONFIDANT,EP32,811167022350,20.99,34.00
EPCARRI,EP CARILLO,ALLEGIANCE WINGMAN,EP31,811167022367,21.99,30.00
EPCARRI,EP CARILLO,capa del sol rob royal,ep1,,9.99,8.00
EPCARRI,EP CARILLO,cardinal 54 mad,ep29,,10.50,8.00
EPCARRI,EP CARILLO,cardinal 54 nat,ep2,,10.50,33.00
EPCARRI,EP CARILLO,cardinal 56 mad,ep3,,10.99,4.00
EPCARRI,EP CARILLO,cardinal 56 nat,ep4,,10.99,21.00
EPCARRI,EP CARILLO,edicion inaugral 2009,ep5,,16.25,20.00
EPCARRI,EP CARILLO,ENCORE CELESTIAL,ep14,811167021155,20.99,24.00
EPCARRI,EP CARILLO,ENCORE EL PRIMO,ep25,811167021148,21.99,1.00
EPCARRI,EP CARILLO,ENCORE MAJESTIC,ep12,811167021124,19.99,21.00
EPCARRI,EP CARILLO,gran via,ep30,,8.25,7.00
EPCARRI,EP CARILLO,hab rob,es1,,8.50,0.00
EPCARRI,EP CARILLO,hab toro,es2,,8.75,0.00
EPCARRI,EP CARILLO,hab trabuco,es3,,9.50,0.00
EPCARRI,EP CARILLO,historia sen,ep28,,14.99,7.00
EPCARRI,EP CARILLO,inch no60 nat,ep13,,10.99,2.00
EPCARRI,EP CARILLO,inch no62 nat,ep15,,9.99,1.00
EPCARRI,EP CARILLO,inch no64 nat,ep17,,13.75,0.00
EPCARRI,EP CARILLO,la bomba atom,es4,,9.99,0.00
EPCARRI,EP CARILLO,la bomba fbomb,es5,,12.50,0.00
EPCARRI,EP CARILLO,la bomba napalm,es6,,11.25,0.00
EPCARRI,EP CARILLO,la bomba nuclear,es7,,11.75,0.00
EPCARRI,EP CARILLO,la ranja corona,es8,,12.25,0.00
EPCARRI,EP CARILLO,la ranja rob extra,es9,,13.25,0.00
EPCARRI,EP CARILLO,la ranja toro,es10,,13.75,0.00
EPCARRI,EP CARILLO,mad coloso,ep18,,11.99,5.00
EPCARRI,EP CARILLO,mad corona gorda,es11,,10.25,0.00
EPCARRI,EP CARILLO,nat stellas,ep19,,5.99,20.00
EPCARRI,EP CARILLO,nw conn brillantes,ep20,,7.75,6.00
EPCARRI,EP CARILLO,nw conn resv inmenso,ep21,,11.50,18.00
EPCARRI,EP CARILLO,nw conn resv rob,ep22,,8.99,27.00
EPCARRI,EP CARILLO,nw conn resv toro,ep23,,9.99,19.00
EPCARRI,EP CARILLO,oscuro piramides,ep24,,10.99,44.00
EPCARRI,EP CARILLO,oscuro special no6,ep26,,10.25,34.00
EPCARRI,EP CARILLO,PLEDGE APOGEE,EP33,811167021773,23.99,10.00
EPCARRI,EP CARILLO,PLEDGE PREQUEL,EP34,811167021698,18.75,17.00
EPCARRI,EP CARILLO,short run super rob,ep27,,14.99,11.00
EPCARRI,EP CARILLO,SOJOURN,EP35,811167021711,20.25,14.00
ESPINOZA,ESPINOSA,hab no 5,esp14,,10.99,1.00
ESPINOZA,ESPINOSA,hab no 8,esp15,,12.99,5.00
ESPINOZA,ESPINOSA,hab trabuco,esp9,,9.50,1.00
ESPINOZA,ESPINOSA,habano rob,esp4,,8.50,3.00
ESPINOZA,ESPINOSA,habano toro,esp3,,8.75,2.00
ESPINOZA,ESPINOSA,la bomba atom,esp7,,12.99,0.00
ESPINOZA,ESPINOSA,la bomba fbomb,esp6,,11.75,0.00
ESPINOZA,ESPINOSA,la bomba napalm,esp5,,11.99,4.00
ESPINOZA,ESPINOSA,la bomba nuclear,esp2,,11.75,3.00
ESPINOZA,ESPINOSA,la naranja corona,esp8,,12.25,2.00
ESPINOZA,ESPINOSA,la naranja corona gorda,esp10,,12.25,0.00
ESPINOZA,ESPINOSA,la naranja rob,esp11,853598004475,13.25,1.00
ESPINOZA,ESPINOSA,mad beli,esp13,853598004253,10.75,4.00
ESPINOZA,ESPINOSA,mad cor gorda,esp1,853598004246,10.25,18.00
ESPINOZA,ESPINOSA,mad robusto,esp12,,9.99,0.00
FLAVOR,FLAVORED CIGARS,alcapone sweet cog,fla1,,7.25,-1.00
FLAVOR,FLAVORED CIGARS,cherub honey nut,fla10,,24.99,10.00
FONSECA,FONSECA,cubano limit rob,fon1,,9.25,0.00
FONSECA,FONSECA,cubano limit toro,fon2,,9.99,0.00
FONSECA,FONSECA,cubano limit toro gr,fon3,,10.25,0.00
FONSECA,FONSECA,cubano v fuer rob,fon4,,8.00,5.00
FONSECA,FONSECA,fonesca toro gordo,fon21,,17.99,32.00
FONSECA,FONSECA,fonseca cedros,fon20,,17.99,29.00
FONSECA,FONSECA,sig series rob 2,fon5,,9.99,5.00
FOUNDATI,FOUNDATION,broadleaf roth,cd6,,9.99,20.00
FOUNDATI,FOUNDATION,CHARTER OAK HAB GRAN,F16,,11.99,45.00
FOUNDATI,FOUNDATION,CHARTER OAK HAB TOR,F9,,10.99,46.00
FOUNDATI,FOUNDATION,CHARTER OAK MAD GRA,F8,,11.99,34.00
FOUNDATI,FOUNDATION,CHARTER OAK MAD TORO,F7,,11.99,42.00
FOUNDATI,FOUNDATION,CHARTER OAK SHADE GRA,F6,,11.99,19.00
FOUNDATI,FOUNDATION,CHARTER OAK SHADE TOR,F5,,10.99,30.00
FOUNDATI,FOUNDATION,conn shade cor,cd7,,10.99,1.00
FOUNDATI,FOUNDATION,OLMEC CLARO DBL COR,F13,,24.99,0.00
FOUNDATI,FOUNDATION,OLMEC CLARO GRANDE,F18,,31.50,1.00
FOUNDATI,FOUNDATION,OLMEC CLARO TORO,F12,,29.50,26.00
FOUNDATI,FOUNDATION,OLMEC MAD DBL COR,F14,,24.99,-1.00
FOUNDATI,FOUNDATION,OLMEC MAD TORO,F19,,29.50,7.00
FOUNDATI,FOUNDATION,OLMEC MADURO GRAND,F17,,31.50,35.00
FOUNDATI,FOUNDATION,TABERNACLE BL D COR,F11,,21.00,2.00
FOUNDATI,FOUNDATION,TABERNACLE BL TORO,F10,,20.99,0.00
FOUNDATI,FOUNDATION,TABERNACLE HAVANA CT DAVID,F15,,27.99,65.00
FOUNDATI,FOUNDATION,TABERNACLE HAVANA CT GOLIATH,cd11,,30.99,17.00
FOUNDATI,FOUNDATION,WISE MAN COR DBL COR,F2,,20.99,25.00
FOUNDATI,FOUNDATION,WISE MAN COR TORO,F1,,18.99,33.00
FOUNDATI,FOUNDATION,WISE MAN MAD DBL COR,F4,,20.99,42.00
FOUNDATI,FOUNDATION,WISE MAN MAD TOR,F3,,18.99,69.00
FOURKICK,FOUR KICKS,piramide,four1,,10.75,2.00
FOURKICK,FOUR KICKS,robusto extra,four2,638264962248,10.99,18.00
FOURKICK,FOUR KICKS,sublime toro,four3,,10.50,0.00
FREYJA,FREYJA,sessrum coro larg,frey1,,8.75,59.00
FREYJA,FREYJA,Thors toro,frey2,,11.25,29.00
FREYJA,FREYJA,valhalla rob,frey3,,9.99,26.00
GAR,GAR,6 x 60,gar1,,7.25,19.00
GRAN HAB,GRAN HABANO,conn roth no 1,gh1,,5.99,0.00
GRAN HAB,GRAN HABANO,czar 6x66,gh2,,12.99,0.00
GRAN HAB,GRAN HABANO,emp3hab,gh8,,10.99,14.00
GRAN HAB,GRAN HABANO,granrob3 hab,gh9,,9.99,11.00
GRAN HAB,GRAN HABANO,granrob5,gh6,,8.99,0.00
GRAN HAB,GRAN HABANO,hab roth no 3,gh3,,5.99,0.00
GRAN HAB,GRAN HABANO,rothchild 5,gh7,,7.99,15.00
GRAN HAB,GRAN HABANO,short rob no 5,gh4,,4.99,0.00
GRAN HAB,GRAN HABANO,triumph 71/2x58,gh5,,12.99,1.00
GURKHA,GURKHA,125 ani toro,gurk1,,10.99,2.00
GURKHA,GURKHA,angel ghost tubo,gurk2,,10.75,0.00
GURKHA,GURKHA,assasin toro,gurk4,,10.75,2.00
GURKHA,GURKHA,blk dragon,gurk5,,17.25,7.00
GURKHA,GURKHA,brb col mad tubo,gurk7,,15.50,0.00
GURKHA,GURKHA,brb col nat toro,gurk6,,15.50,0.00
GURKHA,GURKHA,cell res 12 yr gran,gurk9,,13.25,0.00
GURKHA,GURKHA,cell res 15th hedon,gurk8,,15.75,0.00
GURKHA,GURKHA,CELL RSV 15 DBL ROB,GURK10,879790004280,14.99,0.00
GURKHA,GURKHA,CELL RSV 18 DBL ROB,GURK11,,15.75,0.00
GURKHA,GURKHA,cell rsv 18 hedon,gurk13,,18.25,0.00
GURKHA,GURKHA,cell rsv 18yr xo,gurk12,,17.50,0.00
GURKHA,GURKHA,cell rsv 21 dbl rob,gurk14,,16.50,0.00
GURKHA,GURKHA,cell rsv 21 hedon,gurk15,,18.75,0.00
GURKHA,GURKHA,cell rsv 21 xo,gurk16,,20.75,0.00
GURKHA,GURKHA,cell rsv dbl rob,gurk17,,12.50,0.00
GURKHA,GURKHA,cell rsv gran rob,gurk18,,15.25,0.00
GURKHA,GURKHA,cell rsv gran roth,gurk20,,15.75,0.00
GURKHA,GURKHA,cell rsv koi perf 2,gurk19,,11.75,0.00
GURKHA,GURKHA,cellar resv 18 yr hedonism,gurk47,879790006475,21.99,11.00
GURKHA,GURKHA,cellar resv 21 yr hedonism,gurk23,879790008295,22.99,3.00
GURKHA,GURKHA,evil xo,gurk22,,12.25,0.00
GURKHA,GURKHA,extreme toro,gurk24,,9.99,0.00
GURKHA,GURKHA,glass tube cognac,gurk3,,24.99,18.00
GURKHA,GURKHA,heritage mad toro,gurk25,,15.75,0.00
GURKHA,GURKHA,heritage nat toro,gurk26,,15.75,0.00
GURKHA,GURKHA,heritage nat toro,gurk32,879790007335,14.99,0.00
GURKHA,GURKHA,ninja church,gurk27,,7.25,0.00
GURKHA,GURKHA,ninja perfecto,gurk28,,7.99,0.00
GURKHA,GURKHA,ninja spike,gurk29,,7.99,0.00
GURKHA,GURKHA,red drag church,gurk30,,16.50,0.00
GURKHA,GURKHA,revenant mad toro,gurk41,850019741209,13.99,17.00
GURKHA,GURKHA,ron abu rum infus,gurk31,,14.99,0.00
GURKHA,GURKHA,roy chal mad toro,gurk34,,10.75,0.00
GURKHA,GURKHA,royal chal mad sixty,gurk33,,13.99,0.00
GURKHA,GURKHA,royal chal rob,gurk35,879790004013,8.50,0.00
GURKHA,GURKHA,royal chal toro,gurk36,,8.50,0.00
GURKHA,GURKHA,royal chal toro,gurk21,,11.99,0.00
GURKHA,GURKHA,royal chal xo,gurk37,,11.99,0.00
GURKHA,GURKHA,seduction rob,gurk38,,8.50,0.00
GURKHA,GURKHA,seduction roth,gurk39,,11.99,0.00
GURKHA,GURKHA,seduction toro,gurk40,879790004112,10.75,0.00
GURKHA,GURKHA,shadow rob,gurk42,,9.25,0.00
GURKHA,GURKHA,shaggy church,gurk43,,11.99,0.00
GURKHA,GURKHA,shaggy rob,gurk44,,10.50,0.00
GURKHA,GURKHA,signature church,gurk45,,10.99,0.00
GURKHA,GURKHA,the beast,gurk46,,35.99,1.00
H UPMANN,H UPMANN,heritage church,hup1,,16.99,0.00
H UPMANN,H UPMANN,the banker,hup2,,9.99,0.00
HERRERA,HERRERA ESTELI,brz stk cut mad rob,hes1,818578010945,18.99,21.00
HERRERA,HERRERA ESTELI,brz stk cut mad toro,hes2,818578010921,20.99,29.00
HERRERA,HERRERA ESTELI,cab coll lond dlx,hes5,876742009614,17.99,10.00
HERRERA,HERRERA ESTELI,cab coll toro,hes4,,12.75,0.00
HERRERA,HERRERA ESTELI,hab rob esp gran,hes9,,17.99,-2.00
HERRERA,HERRERA ESTELI,hab rob gran,hes3,876742009553,18.99,6.00
HERRERA,HERRERA ESTELI,hab toro esp,hes11,876742009539,22.99,65.00
HERRERA,HERRERA ESTELI,miami coro gorda,hes6,,19.99,0.00
HERRERA,HERRERA ESTELI,miami toro esp,hes10,818578012246,20.99,0.00
HERRERA,HERRERA ESTELI,piramide fino,hes7,,13.25,0.00
HERRERA,HERRERA ESTELI,taa 2016 toro,hes8,,14.99,0.00
HOYOMONT,HOYO MONTERREY,dark suma sampler,hoy1,,54.99,3.00
HOYOMONT,HOYO MONTERREY,exca no2 mad,hoy3,,11.99,0.00
HOYOMONT,HOYO MONTERREY,Hoyo 4 pack,hoy4,,29.99,0.00
HOYOMONT,HOYO MONTERREY,hoyo mont exca mini tin,cd14,,24.25,0.00
HOYOMONT,HOYO MONTERREY,hoyo mont excalibur tin,cd13,,28.75,0.00
HOYOMONT,HOYO MONTERREY,king arthur 1066,hoy2,,9.25,0.00
ILLUSION,ILLUSION,EPERNAY L EXCELL,IL3,,23.50,50.00
ILLUSION,ILLUSION,EPERNAY LE FERME,IL1,,19.75,47.00
ILLUSION,ILLUSION,EPERNAY LE TAUREAU,IL2,,24.25,43.00
ILLUSION,ILLUSION,ILL 888 NEC SUFF,IL6,,24.25,46.00
ILLUSION,ILLUSION,ORG DOC HAB GORD,IL5,,25.00,37.00
ILLUSION,ILLUSION,ORG DOC HAB ROB,IL4,,22.75,44.00
INDMOTOR,INDIAN MORORCYCLE,Robusto,ind1,,10.00,9.00
INDMOTOR,INDIAN MORORCYCLE,toro,ind2,,11.00,12.00
JAIME,JAIME GARCIA,excl taa torp,jg1,,11.99,0.00
JAIME,JAIME GARCIA,resv esp beli,jg2,817673010027,13.99,0.00
JAIME,JAIME GARCIA,resv esp super gordo,jg3,817673010102,17.99,35.00
JAIME,JAIME GARCIA,resv esp toro,jg4,817673010041,13.99,1.00
JAIME,JAIME GARCIA,resv esp toro gordo,jg5,817673010089,16.99,8.00
JAVA,JAVA,latte corona,java1,,9.75,0.00
JAVA,JAVA,latte rob,java2,,10.75,0.00
JAVA,JAVA,latte toro,java3,,11.75,0.00
JAVA,JAVA,maduro 58,java4,,12.25,0.00
JAVA,JAVA,maduro corona,java5,,8.75,0.00
JAVA,JAVA,maduro rob,java6,,10.75,0.00
JAVA,JAVA,maduro toro,java7,,11.50,0.00
JAVA,JAVA,mint 58,java10,,12.25,0.00
JAVA,JAVA,mint corona,java8,,9.25,0.00
JAVA,JAVA,mint robusto,java9,,10.75,0.00
JAVA,JAVA,mint toro,java11,,11.75,0.00
JAVA,JAVA,red corona,java12,,8.75,0.00
JAVA,JAVA,red robusto,java13,,9.75,0.00
JFUEGO,J FUEGO,americana rob,jf2,,12.00,0.00
JFUEGO,J FUEGO,connoisseur classique,jf3,,12.50,0.00
JFUEGO,J FUEGO,connoisseur corpulent,jf4,,12.50,0.00
JFUEGO,J FUEGO,connoisseur gran rob,jf5,,12.50,0.00
JFUEGO,J FUEGO,connoisseur originals,jf6,,5.25,0.00
JFUEGO,J FUEGO,orig red 60,jf11,,9.25,0.00
JFUEGO,J FUEGO,origen 60,jf7,,9.25,0.00
JFUEGO,J FUEGO,origen beli,jf8,,8.75,0.00
JFUEGO,J FUEGO,origen rob,jf9,,7.50,0.00
JFUEGO,J FUEGO,origen toro,jf10,,8.75,0.00
JFUEGO,J FUEGO,sangre rob,jf12,,7.50,0.00
JFUEGO,J FUEGO,sangre rob,jf16,,8.99,10.00
JFUEGO,J FUEGO,sangre toro,jf17,,9.50,0.00
JFUEGO,J FUEGO,sangre toro,jf13,,8.75,0.00
JFUEGO,J FUEGO,sangre toro gran,jf14,,10.50,15.00
JFUEGO,J FUEGO,sangre toro grande,jf1,,10.99,10.00
JFUEGO,J FUEGO,sangre toro orig5 cig,jf15,,17.50,0.00
JOYANICA,JOYA NICARAGUA,1970 gran consul,j1,,12.99,0.00
JOYANICA,JOYA NICARAGUA,1970 magnum 660,j2,,12.99,0.00
JOYANICA,JOYA NICARAGUA,1970 rob grande,j3,,11.25,0.00
JOYANICA,JOYA NICARAGUA,2020 sum master,j18,,49.99,0.00
JOYANICA,JOYA NICARAGUA,alisado 6x52,j4,,11.50,0.00
JOYANICA,JOYA NICARAGUA,azarosa,an1,,12.99,16.00
JOYANICA,JOYA NICARAGUA,belicoso 6x54,j5,,11.75,0.00
JOYANICA,JOYA NICARAGUA,big bull 760,j6,,12.99,0.00
JOYANICA,JOYA NICARAGUA,celebracion beli,j7,,10.25,0.00
JOYANICA,JOYA NICARAGUA,celebracion church,j8,,9.50,1.00
JOYANICA,JOYA NICARAGUA,celebracion consul,j9,,8.25,1.00
JOYANICA,JOYA NICARAGUA,celebracion gordo,j10,,10.50,2.00
JOYANICA,JOYA NICARAGUA,celebracion torp,j11,,10.50,6.00
JOYANICA,JOYA NICARAGUA,church 6 7/8x48,j12,,10.50,0.00
JOYANICA,JOYA NICARAGUA,el martillo,an2,682621037162,13.99,0.00
JOYANICA,JOYA NICARAGUA,figurado 60,j13,,13.99,0.00
JOYANICA,JOYA NICARAGUA,jdn antano 70 tin,ji19,682621016693,42.99,0.00
JOYANICA,JOYA NICARAGUA,joya rust brujito,j14,,9.25,0.00
JOYANICA,JOYA NICARAGUA,lancero 7 1/2x38,j15,,9.75,3.00
JOYANICA,JOYA NICARAGUA,machito,j16,,7.99,2.00
JOYANICA,JOYA NICARAGUA,magnum o,j17,,33.99,36.00
JOYANICA,JOYA NICARAGUA,niveladora,an3,682621032655,14.99,31.00
JOYANICA,JOYA NICARAGUA,pesadilla,an4,,12.75,0.00
JOYANICA,JOYA NICARAGUA,poderoso,an5,,11.75,0.00
JULIUSCA,JULIUS CAESAR,hail caeser,jul3,076622099401,29.99,52.00
JULIUSCA,JULIUS CAESAR,jc rob,jul1,076622099807,22.99,0.00
JULIUSCA,JULIUS CAESAR,jc toro,jul2,076622099500,28.99,24.00
JULIUSCA,JULIUS CAESAR,jc toro,jul366,,28.99,17.00
JULIUSCA,JULIUS CAESAR,Pyramid,jul4,,31.99,34.00
JUUL,JUUL,usb replace,ju1,,12.99,0.00
JUUL,JUUL,virginia pod5%,ju2,,23.99,0.00
KRISTOFF,KRISTOFF,cameroon figurado,k8,,13.50,72.00
KRISTOFF,KRISTOFF,cameroon matador,k7,737069614564,16.99,33.00
KRISTOFF,KRISTOFF,conn 60,k34,737069614694,17.99,13.00
KRISTOFF,KRISTOFF,conn matador,k33,737069614731,16.99,61.00
KRISTOFF,KRISTOFF,conn rob,k32,,15.99,8.00
KRISTOFF,KRISTOFF,corojo limit madator,k3,,16.99,20.00
KRISTOFF,KRISTOFF,criollo rob,k9,753182157207,14.99,0.00
KRISTOFF,KRISTOFF,guardrail matador,k1,095225399510,16.99,10.00
KRISTOFF,KRISTOFF,guardrail matador,k1,737069616414,16.99,10.00
KRISTOFF,KRISTOFF,hab church,k10,,16.99,18.00
KRISTOFF,KRISTOFF,HUMI BAG SAMPLER,k25,,35.99,-1.00
KRISTOFF,KRISTOFF,ligero criollo church,k12,,16.99,9.00
KRISTOFF,KRISTOFF,ligero mad church,k15,753182157504,16.99,1.00
KRISTOFF,KRISTOFF,ligero mad mat,k16,,16.99,4.00
KRISTOFF,KRISTOFF,ligero mad rob,k17,,11.75,0.00
KRISTOFF,KRISTOFF,mad church,k19,,14.99,39.00
KRISTOFF,KRISTOFF,mad rob,k20,,13.99,19.00
KRISTOFF,KRISTOFF,mad tubo,k21,,15.99,1.00
KRISTOFF,KRISTOFF,nicaragua sixty,k6,737069616834,16.99,31.00
KRISTOFF,KRISTOFF,NICARAGUA TORO,k18,,16.50,19.00
KRISTOFF,KRISTOFF,pistoff 60,k11,,17.99,18.00
KRISTOFF,KRISTOFF,pistoff church,k14,737069614816,15.99,14.00
KRISTOFF,KRISTOFF,san andres church,k24,,16.99,27.00
KRISTOFF,KRISTOFF,san andres rob,k26,,15.00,11.00
KRISTOFF,KRISTOFF,sign series 2025 pca,k2,,21.00,78.00
KRISTOFF,KRISTOFF,sumatra church,k27,753182158471,15.99,16.00
KRISTOFF,KRISTOFF,sumatra matador,k28,,16.99,40.00
KRISTOFF,KRISTOFF,tres compadres 6x60,k23,737069616803,17.99,26.00
KRISTOFF,KRISTOFF,tres compadres toro,k22,737069616797,16.50,32.00
KRISTOFF,KRISTOFF,vengeance 60,k30,737069615783,17.99,32.00
KRISTOFF,KRISTOFF,vengeance toro,k31,,16.99,33.00
KRISTOFF,KRISTOFF,VIENTE 60,K367,,21.99,39.00
KRISTOFF,KRISTOFF,VIENTE 60,K35,737069616995,21.99,31.00
KRISTOFF,KRISTOFF,VIENTE ROB,K36,737069617046,20.50,39.00
KRISTOFF,KRISTOFF,viente toro,k29,,21.00,40.00
LAAROMA,LA AROMA CUBA,belicoso,lar1,,8.75,0.00
LAAROMA,LA AROMA CUBA,ee no5,lar2,,10.50,0.00
LAAROMA,LA AROMA CUBA,marquis,lar5,,8.75,0.00
LAAROMA,LA AROMA CUBA,noblesse,lar8,,19.99,0.00
LAAURORA,LA AURORA,107 ecuador gran toro,l16,,17.99,7.00
LAAURORA,LA AURORA,107 ecuador rob,l21,,13.50,16.00
LAAURORA,LA AURORA,107 ecuador toro,l2,,16.99,13.00
LAAURORA,LA AURORA,1906 salomon,l5,,23.50,4.00
LAAURORA,LA AURORA,beli,l1,,10.99,9.00
LAAURORA,LA AURORA,casadores rob,mi4,,7.25,1.00
LAAURORA,LA AURORA,cazadores beli,mi6,,8.25,14.00
LAAURORA,LA AURORA,cazadores toro,mi5,,7.75,2.00
LAAURORA,LA AURORA,conn 87 gran toro,l7,7465603133594,12.00,0.00
LAAURORA,LA AURORA,conn 87 rob,l17,7465603173156,10.50,11.00
LAAURORA,LA AURORA,conn 87 toro,l15,7465603129955,11.25,14.00
LAAURORA,LA AURORA,fer leon fr,l10,,12.99,0.00
LAAURORA,LA AURORA,ferleon cor gorda,l9,,11.25,19.00
LAAURORA,LA AURORA,guiller leon fr,l14,,12.99,0.00
LAAURORA,LA AURORA,guillermo leon cor gorda,l13,,11.00,18.00
LAAURORA,LA AURORA,guillermo leon corona,l12,,8.99,17.00
LAAURORA,LA AURORA,perferido saphire tub,l25,,39.99,0.00
LAAURORA,LA AURORA,preferido diamond tubo,l11,,39.99,1.00
LAAURORA,LA AURORA,preferido emerald tubo,l6,,39.99,0.00
LAAURORA,LA AURORA,preferido gold tubo,l4,,39.99,2.00
LAAURORA,LA AURORA,preferido plat tubo,l3,,39.99,0.00
LAAURORA,LA AURORA,preferido ruby tubo,l26,,39.99,4.00
LAAURORA,LA AURORA,preferidos diamond,l18,,9.99,0.00
LAAURORA,LA AURORA,preferidos diamond,l19,,9.99,0.00
LAAURORA,LA AURORA,preferidos gold,l20,,9.99,0.00
LAAURORA,LA AURORA,preferidos plat,l22,,9.99,0.00
LAAURORA,LA AURORA,preferidos ruby,l23,,9.99,0.00
LAAURORA,LA AURORA,preferidos sapphire,l24,,9.99,0.00
LAHOJA,LA HOJA,classic 1962 toro,lh1,,11.25,0.00
LAHOJA,LA HOJA,crema 1962 toro,lh2,,11.25,3.00
LAHOJA,LA HOJA,mad 1962 belicoso,lh3,,11.50,18.00
LAPALINA,LA PALINA,classic gordo,lap1,,10.50,4.00
LAPALINA,LA PALINA,classic toro,lap2,852527003282,9.75,7.00
LAPALINA,LA PALINA,el diario gordo,lap3,852527003053,12.50,4.00
LAPALINA,LA PALINA,el diario kb2,lap4,852527003237,13.25,10.00
LAPALINA,LA PALINA,nica toro,lap5,,8.50,10.00
LAPALINA,LA PALINA,oscuro rob,lap6,852527003732,10.25,21.00
LAPALINA,LA PALINA,oscuro toro,lap7,,10.99,0.00
LAPALINA,LA PALINA,red label gordo,lap8,852527003602,13.25,13.00
LAPALINA,LA PALINA,red label rob,lap9,,10.25,60.00
LAPALINA,LA PALINA,red label toro,lap10,,11.75,40.00
LAPALINA,LA PALINA,rob rosado,lap11,,8.50,15.00
LAPALINA,LA PALINA,taa2016 toro,lap12,,21.99,23.00
LARELOBA,LA RELOBA,selec mex corona,lr1,,5.75,47.00
LARELOBA,LA RELOBA,selec mex robusto,lr2,,7.00,49.00
LARELOBA,LA RELOBA,selec mex toro,lr3,,8.50,0.00
LARELOBA,LA RELOBA,selec mex torpedo,lr4,,8.75,21.00
LATELIER,L'ATELIER,mission churchill,lat2,,13.99,0.00
LATELIER,L'ATELIER,mission robusto,lat1,,11.99,0.00
LATELIER,L'ATELIER,selec special beli,lat3,,12.25,1.00
LATELIER,L'ATELIER,selec special lat46,lat4,,11.00,0.00
LFD,LFD,airben mad matador,lf35,,9.50,0.00
LFD,LFD,airbend matanan mad,lf7,,13.99,6.00
LFD,LFD,airbender chisel,lf1,,12.25,0.00
LFD,LFD,airbender chisel mad,lf2,,12.25,0.00
LFD,LFD,airbender maestro,lf22,,13.99,1.00
LFD,LFD,airbender matatan,lf3,,9.25,0.00
LFD,LFD,airbender poderoso,lf4,,8.50,0.00
LFD,LFD,airbender poderoso,lf66,,11.99,0.00
LFD,LFD,airbender valiente,lf5,,11.99,0.00
LFD,LFD,airbender villano,lf6,,13.99,1.00
LFD,LFD,ANDULUSIAN BULL,lf37,,29.99,0.00
LFD,LFD,chiselito,lf28,,9.99,17.00
LFD,LFD,chiselito mad,lf30,,9.99,5.00
LFD,LFD,coronado cor especial,lf9,,14.99,37.00
LFD,LFD,coronado cor gorda,lf10,,15.99,5.00
LFD,LFD,coronado dbl cor,lf11,,14.99,14.00
LFD,LFD,coronado dbl toro,lf12,,15.99,34.00
LFD,LFD,coronado toro,lf13,,14.99,8.00
LFD,LFD,DBL LIG DIGG MAD,lf15,,19.99,0.00
LFD,LFD,dbl ligero chisel nat,lf16,7460644702280,16.99,127.00
LFD,LFD,dl 654 nat,lf25,,14.99,1.00
LFD,LFD,dl 700 nat,lf23,,15.50,19.00
LFD,LFD,dl especial osc nat,lf29,,11.50,0.00
LFD,LFD,dl mad especial,lf31,,11.50,0.00
LFD,LFD,dl600 nat,lf18,,14.99,0.00
LFD,LFD,dl654,lf19,,10.50,0.00
LFD,LFD,dl660 mad,lf20,,14.50,7.00
LFD,LFD,dl660 nat,lf21,,14.50,4.00
LFD,LFD,dl854,lf24,,11.99,0.00
LFD,LFD,especiales nat,lf32,,13.99,2.00
LFD,LFD,factory press limt,lf33,,14.50,0.00
LFD,LFD,insurecto suave tubo,lf34,,6.75,0.00
LFD,LFD,lig l300 nat,lf38,,13.99,21.00
LFD,LFD,lig l300 osc nat,lf39,,13.99,1.00
LFD,LFD,lig L400,lf40,,13.99,9.00
LFD,LFD,lig l500,lf41,,10.50,0.00
LFD,LFD,ligero 707,lf36,,24.99,11.00
LFD,LFD,light governador,lf44,,14.50,4.00
LFD,LFD,maceo light,lf46,,14.99,16.00
LFD,LFD,maceo suave,lf47,,13.99,6.00
LFD,LFD,maceo tubo suave,lf48,,13.99,2.00
LFD,LFD,matatan tubo,lf49,,9.50,0.00
LFD,LFD,matatan tubo,lf17,7460644704000,14.99,2.00
LFD,LFD,no6 gran mad,lf51,,12.99,0.00
LFD,LFD,no7 gran mad,lf52,,7.99,0.00
LFD,LFD,open,lf27,,16.99,0.00
LFD,LFD,oya sampler,lf65,,34.99,2.00
LFD,LFD,poderoso tubo,lf53,,13.50,1.00
LFD,LFD,prem line maceo,lf54,,13.99,12.00
LFD,LFD,reserve el jocko,lf55,,13.99,4.00
LFD,LFD,reserve esp fig,lf56,,13.99,0.00
LFD,LFD,reserve mad jocko,lf57,,14.50,4.00
LFD,LFD,suave mambise,lf58,,13.99,21.00
LFD,LFD,taa 47 toro,lf59,,15.50,0.00
LFD,LFD,taa 48 toro 2016,lf60,,15.99,3.00
LFD,LFD,taa maduro,lf61,,15.99,2.00
LFD,LFD,the chisel mad,lf26,,14.99,0.00
LFD,LFD,tubo L100,lf42,,13.99,4.00
LFD,LFD,tubo L250,lf43,,8.25,0.00
LFD,LFD,tubo100,lf62,,9.99,0.00
LFD,LFD,tubo200,lf63,,13.99,0.00
LGC,LA GLORIA CUBANA,felicias mad,lg7,,13.99,9.00
LGC,LA GLORIA CUBANA,felicias nat,lg8,,13.75,0.00
LGC,LA GLORIA CUBANA,glorias extra mad,lg9,,8.75,0.00
LGC,LA GLORIA CUBANA,glorias mad,lg10,,8.75,6.00
LGC,LA GLORIA CUBANA,gorda nat,lg6,,9.50,0.00
LGC,LA GLORIA CUBANA,serie n glorioso,lg35,,8.99,0.00
LGC,LA GLORIA CUBANA,serie r 60tubo,lg31,,13.99,0.00
LGC,LA GLORIA CUBANA,serie r bulk xl,rj48,,11.99,0.00
LGC,LA GLORIA CUBANA,serie r nat giftpack,lg32,,61.99,0.00
LGC,LA GLORIA CUBANA,serie r no 5 mad,lg17,689674046646,18.99,15.00
LGC,LA GLORIA CUBANA,serie r no 5 nat,lg15,689674046677,18.99,0.00
LGC,LA GLORIA CUBANA,serie r no 6 mad,lg20,689674046653,19.99,17.00
LGC,LA GLORIA CUBANA,serie r no 6 nat,lg21,689674046684,19.99,5.00
LGC,LA GLORIA CUBANA,serie r no 7 mad,lg22,,21.50,0.00
LGC,LA GLORIA CUBANA,serie r no 7 nat,lg23,689674046691,21.50,0.00
LGC,LA GLORIA CUBANA,serie r no3 nat,lg18,,9.50,0.00
LGC,LA GLORIA CUBANA,serie r no4 mad,lg16,,11.75,0.00
LGC,LA GLORIA CUBANA,serie r no4 nat,lg11,,11.75,0.00
LGC,LA GLORIA CUBANA,serie r no5 nat,lg19,,11.75,0.00
LGC,LA GLORIA CUBANA,wavell extra giftpack,lg39,,61.99,0.00
LGC,LA GLORIA CUBANA,wavell nat,lg41,,7.99,0.00
LIGAPRIV,LIGA PRIVADA,ann toro,l48,,41.99,126.00
LIGAPRIV,LIGA PRIVADA,annv rob,l49,,39.99,71.00
LIGAPRIV,LIGA PRIVADA,dogma bx press,lp1,876742008990,139.99,2.00
LIGAPRIV,LIGA PRIVADA,feral flying pig,lp2,,49.99,1.00
LIGAPRIV,LIGA PRIVADA,H99 FLY PIG,lp8,,39.99,9.00
LIGAPRIV,LIGA PRIVADA,H99 PAPAS FRITAS,lp12,818578019207,16.99,106.00
LIGAPRIV,LIGA PRIVADA,H99 robusto,lp11,,35.99,418.00
LIGAPRIV,LIGA PRIVADA,H99 toro,lp31,,37.99,304.00
LIGAPRIV,LIGA PRIVADA,KFCC fly pig,lp10,,24.99,2.00
LIGAPRIV,LIGA PRIVADA,LIGA NO9 coronetsTIN,L57,818578015339,54.99,0.00
LIGAPRIV,LIGA PRIVADA,LIGA T52 coronets TIN,L58,818578015346,54.99,2.00
LIGAPRIV,LIGA PRIVADA,nasty fritas,lp59,818578015100,15.99,116.00
LIGAPRIV,LIGA PRIVADA,no 9 flying pig,lp53,,40.00,9.00
LIGAPRIV,LIGA PRIVADA,no 9 oscuro beli,lp5,,33.25,0.00
LIGAPRIV,LIGA PRIVADA,no 9 oscuro rob,lp9,,33.99,65.00
LIGAPRIV,LIGA PRIVADA,no 9 oscuro toro,lp7,,36.99,52.00
LIGAPRIV,LIGA PRIVADA,open to use,lp6,,31.99,0.00
LIGAPRIV,LIGA PRIVADA,papas fritas,l59,,15.99,125.00
LIGAPRIV,LIGA PRIVADA,sungrown gordito,l51,,0.00,0.00
LIGAPRIV,LIGA PRIVADA,t52 flying pig,l50,,40.99,18.00
LIGAPRIV,LIGA PRIVADA,t52 stk cut dbl cor,lp14,,22.50,-1.00
LIGAPRIV,LIGA PRIVADA,t52 toro,lp13,,35.99,2.00
LIGAPRIV,LIGA PRIVADA,t52 toro tubo,lp15,,35.99,0.00
LIGAPRIV,LIGA PRIVADA,uncrown 10 yr church,lp30,818578011171,26.00,17.00
LIGAPRIV,LIGA PRIVADA,uncrown 10 yr toro,lp29,,23.99,0.00
LIGAPRIV,LIGA PRIVADA,uncrown mad 60,lp17,,13.99,0.00
LIGAPRIV,LIGA PRIVADA,uncrown mad corenets,lp54,876742004527,49.99,19.00
LIGAPRIV,LIGA PRIVADA,uncrown mad corona,lp19,,16.99,1.00
LIGAPRIV,LIGA PRIVADA,uncrown mad dblcor,lp20,876742000178,22.99,52.00
LIGAPRIV,LIGA PRIVADA,uncrown mad gordito,lp21,876742000239,24.99,15.00
LIGAPRIV,LIGA PRIVADA,uncrown mad gran toro 2021,lp22,876742000215,19.99,37.00
LIGAPRIV,LIGA PRIVADA,uncrown mad rob,lp18,876742000253,18.99,25.00
LIGAPRIV,LIGA PRIVADA,uncrown SG coron tin,lp55,,49.99,-1.00
LIGAPRIV,LIGA PRIVADA,uncrown sg coronet,lp56,,42.99,0.00
LIGAPRIV,LIGA PRIVADA,uncrown sg gordito,l52,,18.99,0.00
LIGAPRIV,LIGA PRIVADA,uncrown sg robusto,lp52,818578010501,18.99,23.00
LIGAPRIV,LIGA PRIVADA,uncrown sg toro,lp51,818578010488,19.99,6.00
LIGAPRIV,LIGA PRIVADA,uncrown shade church,lp25,,11.75,0.00
LIGAPRIV,LIGA PRIVADA,uncrown shade coron tin,lp23,,49.99,39.00
LIGAPRIV,LIGA PRIVADA,uncrown shade dblcor,lp26,876742004213,22.99,83.00
LIGAPRIV,LIGA PRIVADA,uncrown shade flypig,lp16,876742009140,30.99,8.00
LIGAPRIV,LIGA PRIVADA,uncrown shade gordito,lp24,,24.99,64.00
LIGAPRIV,LIGA PRIVADA,uncrown shade rob,lp28,,14.99,0.00
LIGAPRIV,LIGA PRIVADA,uncrown shade toro,lp27,876742004176,19.99,52.00
LIGAPRIV,LIGA PRIVADA,year of the rat,no9corona,,38.99,0.00
LIGHTCUT,LIGHTERS CUTTERS,ALTADIS LIGHTER,li2,,9.99,32.00
LIGHTCUT,LIGHTERS CUTTERS,Boveda 10 mg,bvsml,,0.50,0.00
LIGHTCUT,LIGHTERS CUTTERS,cb gunmetal cutter,li46,,27.99,12.00
LIGHTCUT,LIGHTERS CUTTERS,cb passport humi,li20,,33.99,0.00
LIGHTCUT,LIGHTERS CUTTERS,CB STAINLESS STELL CUTR,li32,,27.99,8.00
LIGHTCUT,LIGHTERS CUTTERS,church silver case,li10,,37.99,1.00
LIGHTCUT,LIGHTERS CUTTERS,craftman cutter,li45,,9.99,37.00
LIGHTCUT,LIGHTERS CUTTERS,dc humi system,li12,,54.99,2.00
LIGHTCUT,LIGHTERS CUTTERS,dills cleaners,li13,,2.99,16.00
LIGHTCUT,LIGHTERS CUTTERS,drewestate lighters,li50,,19.99,4.00
LIGHTCUT,LIGHTERS CUTTERS,ec black lighters,li49,,30.00,0.00
LIGHTCUT,LIGHTERS CUTTERS,ec cutter,li23,,15.99,9.00
LIGHTCUT,LIGHTERS CUTTERS,EC cutter 2 torch,li11,,49.99,8.00
LIGHTCUT,LIGHTERS CUTTERS,EC lighter 4 torch,li25,,30.99,29.00
LIGHTCUT,LIGHTERS CUTTERS,EC tall lighter,li6,,39.99,0.00
LIGHTCUT,LIGHTERS CUTTERS,lrg plastic torch silver,li28,,20.99,9.00
LIGHTCUT,LIGHTERS CUTTERS,open,li29,,0.00,0.00
LIGHTCUT,LIGHTERS CUTTERS,open,li5,,0.00,0.00
LIGHTCUT,LIGHTERS CUTTERS,prome light trv case,li43,,19.99,2.00
LIGHTCUT,LIGHTERS CUTTERS,RP BROWN CUTTER,li21,,22.99,1.00
LIGHTCUT,LIGHTERS CUTTERS,RP BURN LIGHTER,LI56,,71.99,7.00
LIGHTCUT,LIGHTERS CUTTERS,RP CFO TRIPLE LIGHT,li44,,69.99,3.00
LIGHTCUT,LIGHTERS CUTTERS,RP CREST  LIGHTER,li27,,69.99,6.00
LIGHTCUT,LIGHTERS CUTTERS,RP DETAIL LIGHTER,LI52,,64.99,1.00
LIGHTCUT,LIGHTERS CUTTERS,RP EDGE LIGHTER,LI59,,29.99,4.00
LIGHTCUT,LIGHTERS CUTTERS,RP GENESIS TRIPLE LIGHT,li30,,79.99,0.00
LIGHTCUT,LIGHTERS CUTTERS,RP GUILLOTINE CUTTER,LI61,,64.99,0.00
LIGHTCUT,LIGHTERS CUTTERS,RP HEX TRIPLE FLAME ANT COPP,li48,,69.99,1.00
LIGHTCUT,LIGHTERS CUTTERS,RP MED CILINDER TORCH,LI54,,49.99,2.00
LIGHTCUT,LIGHTERS CUTTERS,RP POSEIDON TRIPLE CUTTER,LI53,,89.99,2.00
LIGHTCUT,LIGHTERS CUTTERS,RP TRIPLE PUNCH LIGHTER,li51,,39.99,-1.00
LIGHTCUT,LIGHTERS CUTTERS,RP V CUTTER,LI60,,54.99,7.00
LIGHTCUT,LIGHTERS CUTTERS,RP VIP LIGHTER,LI58,,30.00,7.00
LIGHTCUT,LIGHTERS CUTTERS,RP VIP LIGHTER,LI55,,38.99,4.00
LIGHTCUT,LIGHTERS CUTTERS,RP XL LONG TORCH,li31,,79.00,3.00
LIGHTCUT,LIGHTERS CUTTERS,RRP STATEMAN LIGHTER,LI57,,70.00,5.00
LIGHTCUT,LIGHTERS CUTTERS,small triple torch,li33,,11.99,0.00
LIGHTCUT,LIGHTERS CUTTERS,solar humi,li42,,19.99,4.00
LIGHTCUT,LIGHTERS CUTTERS,trezo light chro silver,li47,,100.00,0.00
LIGHTCUT,LIGHTERS CUTTERS,triple torch punch,li22,,12.99,0.00
LIGHTCUT,LIGHTERS CUTTERS,vertigo lighter 20.99,li39,,20.99,0.00
LIGHTCUT,LIGHTERS CUTTERS,vertigo lighter 21.99,li41,,21.99,0.00
LIGHTCUT,LIGHTERS CUTTERS,visol lrg butane,li9,,13.99,4.00
LIGHTCUT,LIGHTERS CUTTERS,visol small butane,li4,8777030000080,8.99,14.00
MACANUDO,MACANUDO,1968 church nat,mac1,,13.25,0.00
MACANUDO,MACANUDO,ascot cafe 10cnt,mac2,,29.99,0.00
MACANUDO,MACANUDO,ascot robust 10cnt,mac3,,27.75,0.00
MACANUDO,MACANUDO,cafe minis,mac4,,18.99,0.00
MACANUDO,MACANUDO,court cafe,mac5,,7.25,0.00
MACANUDO,MACANUDO,court cafe tubo,mc8,,15.50,0.00
MACANUDO,MACANUDO,hampton court alum tubo,mac6,,18.99,23.00
MACANUDO,MACANUDO,vint cab select 2000,mac7,,20.50,0.00
MCIELAGO,MURCIELAGO,lalune toro grande,mur1,,11.25,0.00
MCIELAGO,MURCIELAGO,nocturne rob extra,mur2,,11.99,8.00
MCIELAGO,MURCIELAGO,noir rob,mur3,,10.75,0.00
MCRISTO,MONTECRISTO,2000 momento,m1,,30.99,0.00
MCRISTO,MONTECRISTO,churchill,m2,071610980921,16.99,21.00
MCRISTO,MONTECRISTO,classic churchill,m3,,15.99,0.00
MCRISTO,MONTECRISTO,classic no 2 torp,m7,,18.75,0.00
MCRISTO,MONTECRISTO,classic rob,m8,,12.99,0.00
MCRISTO,MONTECRISTO,classic spe no1,m4,,11.25,0.00
MCRISTO,MONTECRISTO,classic spe no3,m5,,12.25,0.00
MCRISTO,MONTECRISTO,classic spe tubo,m6,,12.50,0.00
MCRISTO,MONTECRISTO,discovery 746 limit,m10,,10.50,0.00
MCRISTO,MONTECRISTO,discovery 750 limit,m11,,13.50,0.00
MCRISTO,MONTECRISTO,HEMI CLASSIC MAD,m9,071610927971,20.99,0.00
MCRISTO,MONTECRISTO,memories tin,m28,,22.99,0.00
MCRISTO,MONTECRISTO,Montecristo $14.99,1,,0.00,0.00
MCRISTO,MONTECRISTO,platinum no2 beli,m15,071610945791,16.99,0.00
MCRISTO,MONTECRISTO,platinum rob,m16,,10.75,0.00
MCRISTO,MONTECRISTO,platinum toro,m17,,11.75,0.00
MCRISTO,MONTECRISTO,robusto,m18,,13.99,0.00
MCRISTO,MONTECRISTO,white churchill,m19,,13.99,0.00
MCRISTO,MONTECRISTO,white roth,m27,,13.99,0.00
MCRISTO,MONTECRISTO,white toro,m25,071610930025,14.99,46.00
MCRISTO,MONTECRISTO,white vintage dblcor,m26,,14.75,0.00
MFATHER,MY FATHER,antigueda super toro,my17,817673011420,14.99,0.00
MFATHER,MY FATHER,antigueda toro,my19,817673011383,14.50,26.00
MFATHER,MY FATHER,antigueda toro gordo,my20,,15.99,32.00
MFATHER,MY FATHER,centurion rob,my3,817673011345,14.99,9.00
MFATHER,MY FATHER,centurion taa2016 torp,my4,,17.99,6.00
MFATHER,MY FATHER,centurion toro,my18,817673011369,15.99,0.00
MFATHER,MY FATHER,centurion toro bp 6x52,my28,,15.99,0.00
MFATHER,MY FATHER,conn church,my10,,18.99,0.00
MFATHER,MY FATHER,CONN TORO,my9,,15.99,14.00
MFATHER,MY FATHER,CONN TORO GORD,my2,,16.50,7.00
MFATHER,MY FATHER,dpg vegas cuban generosos,my26,,13.99,4.00
MFATHER,MY FATHER,dpg vegas cuban toro gord,my12,,15.99,29.00
MFATHER,MY FATHER,flor ant mad toro,my1,,13.99,0.00
MFATHER,MY FATHER,flor ant toro,my5,817673010737,13.99,8.00
MFATHER,MY FATHER,flor ant toro gordo,my8,,17.99,72.00
MFATHER,MY FATHER,flor ant toro grande nat,my6,,17.99,0.00
MFATHER,MY FATHER,judge gran rob,my14,817673011673,22.25,0.00
MFATHER,MY FATHER,judge toro fino,my16,,18.99,0.00
MFATHER,MY FATHER,la gran oferta toro,my24,817673012106,13.75,25.00
MFATHER,MY FATHER,la opulenica toro,my29,817673012021,18.99,18.00
MFATHER,MY FATHER,la promesa toro,my11,817673010324,15.25,0.00
MFATHER,MY FATHER,la promesa toro,m30,,14.99,47.00
MFATHER,MY FATHER,lebijou church,my23,817673010638,19.99,18.00
MFATHER,MY FATHER,lebijou toro,my22,,18.99,1.00
MFATHER,MY FATHER,mf judge toro,my15,,20.99,0.00
MFATHER,MY FATHER,no5 toro,my27,,15.25,0.00
MFATHER,MY FATHER,open,my7,817673011789,0.00,0.00
MFATHER,MY FATHER,open,my25,817673012144,14.99,0.00
MIAMI,MIAMI CIGAR,25thann dom rep,mi1,,30.99,1.00
MIAMI,MIAMI CIGAR,25thann nicaragua,mi2,,30.99,5.00
MIAMI,MIAMI CIGAR,75thann nestor,mi3,,36.99,5.00
MIAMI,MIAMI CIGAR,AFRICA KUDU,MI10,788135810045,8.99,99.00
MIAMI,MIAMI CIGAR,AFRICA PUNDA MILIA TORO,MI11,788135810021,17.99,35.00
MIAMI,MIAMI CIGAR,AFRICA TEMBO GRAN TORO,MI12,788135810038,18.99,37.00
MIAMI,MIAMI CIGAR,COFFEE BREAK 4.5x50,mi7,788135500014,12.99,52.00
MIAMI,MIAMI CIGAR,CT COFFEE BREAK,MI15,788135500106,11.99,17.00
MIAMI,MIAMI CIGAR,CT GRAN TORO,MI14,788135500113,13.99,26.00
MIAMI,MIAMI CIGAR,CT TORO,MI13,788135500120,13.99,24.00
MIAMI,MIAMI CIGAR,GRAN TORO,MI8,788135500090,13.99,25.00
MIAMI,MIAMI CIGAR,NESTOR MIRANDA GRAN RESV,MI16,788135500236,27.00,28.00
MIAMI,MIAMI CIGAR,TORO,MI9,788135500052,13.99,31.00
NONE,NONE,***** your description ******,Non_Inventory,,0.00,0.00
NONE,NONE,4 PACK,ABC1,,0.00,0.00
NONE,NONE,EC 4ct sampler toro,856713007269,,0.00,0.00
NONE,NONE,exodus dbl cor,ct1,,12.75,0.00
NONE,NONE,exodus rob,ct2,,10.25,0.00
NONE,NONE,Gift Card,GIFT_C,,21.00,0.00
NONE,NONE,the beast,gurka46,,35.99,0.00
NSHERMAN,NAT SHERMAN,blk&gold cigs,n11,,12.00,0.00
NSHERMAN,NAT SHERMAN,ci blue cig,n14,,12.00,0.00
NSHERMAN,NAT SHERMAN,cigaretellos cigs,n12,,12.00,0.00
NSHERMAN,NAT SHERMAN,classic brown,n13,050545600203,13.00,2.00
NSHERMAN,NAT SHERMAN,clsic menthol cig,n15,,12.00,0.00
NSHERMAN,NAT SHERMAN,epicure,n28,,11.75,0.00
NSHERMAN,NAT SHERMAN,fantasia cigs,n16,,12.00,0.00
NSHERMAN,NAT SHERMAN,hint cigs,n18,,12.00,0.00
NSHERMAN,NAT SHERMAN,legendary 20cnt cig,n27,,20.25,0.00
NSHERMAN,NAT SHERMAN,mcd cigs,n19,,12.00,13.00
NSHERMAN,NAT SHERMAN,mcd gold,ni17,,12.00,0.00
NSHERMAN,NAT SHERMAN,mcd lux brwn,n40,,12.00,4.00
NSHERMAN,NAT SHERMAN,mcd menthol,n20,,12.00,0.00
NSHERMAN,NAT SHERMAN,mcd silver,n10,,12.00,0.00
NSHERMAN,NAT SHERMAN,metro conn gordo,n2,,12.99,17.00
NSHERMAN,NAT SHERMAN,metro conn union,n1,,6.75,0.00
NSHERMAN,NAT SHERMAN,metro conn univ,n3,,7.50,0.00
NSHERMAN,NAT SHERMAN,metro hab gordo,n6,,12.99,16.00
NSHERMAN,NAT SHERMAN,metro hab rob,n4,050545914454,8.50,9.00
NSHERMAN,NAT SHERMAN,metro hab toro,n5,,11.99,1.00
NSHERMAN,NAT SHERMAN,metro mad gordo,n9,050545914515,12.99,21.00
NSHERMAN,NAT SHERMAN,metro mad gordo,n109,,12.99,21.00
NSHERMAN,NAT SHERMAN,metro mad union,n7,050545736018,9.99,1.00
NSHERMAN,NAT SHERMAN,metro mad univ,n8,050545733017,11.99,11.00
NSHERMAN,NAT SHERMAN,nat blue,n21,,12.00,0.00
NSHERMAN,NAT SHERMAN,nat menthol,n22,,12.00,0.00
NSHERMAN,NAT SHERMAN,nat yellow,n24,,12.00,0.00
NSHERMAN,NAT SHERMAN,open,n35,,11.25,0.00
NSHERMAN,NAT SHERMAN,original menthol,n23,,10.00,0.00
NSHERMAN,NAT SHERMAN,petit cigars 5cnt,n29,050545681059,17.25,2.00
NSHERMAN,NAT SHERMAN,sml blue,n25,,12.00,0.00
NSHERMAN,NAT SHERMAN,sml nat,n26,,12.00,0.00
NSHERMAN,NAT SHERMAN,timeless 452,n31,,10.99,0.00
NSHERMAN,NAT SHERMAN,timeless 546,n32,,9.25,0.00
NSHERMAN,NAT SHERMAN,timeless 556,n33,,12.99,0.00
NSHERMAN,NAT SHERMAN,timeless 660,n34,,14.99,0.00
NSHERMAN,NAT SHERMAN,timeless church,n36,,12.99,0.00
NSHERMAN,NAT SHERMAN,timeless gordo,n37,,12.99,0.00
NSHERMAN,NAT SHERMAN,timeless hermoso,n38,,12.99,0.00
NSHERMAN,NAT SHERMAN,timeless no 2,n39,,12.99,0.00
NUB,NUB,cafe cappucino,nub21,,8.50,0.00
NUB,NUB,cafe espresso,nub20,,8.50,0.00
NUB,NUB,cafe macchiato,nub19,,8.50,0.00
NUB,NUB,cain 460 mad str ligero,nub11,,9.25,5.00
NUB,NUB,cain daytona 654 torp,nub5,814539012850,9.25,10.00
NUB,NUB,cain daytona 660,nub28,,10.25,0.00
NUB,NUB,cain f hab 654t,nub7,,9.25,0.00
NUB,NUB,cain f hab 660,nub22,,10.25,0.00
NUB,NUB,cain hab 550,nub34,,9.25,1.00
NUB,NUB,cain hab 654torp,nub15,,9.25,0.00
NUB,NUB,cain hab 660,nub33,,10.25,22.00
NUB,NUB,cain mad 550 str lig,nub3,,8.75,5.00
NUB,NUB,cain mad 654torp,nub31,814539012126,9.75,21.00
NUB,NUB,cain mad 660,nub30,,10.25,0.00
NUB,NUB,cain nub f 460,nub1,,8.50,0.00
NUB,NUB,cain nub hab 460,nub2,,8.50,0.00
NUB,NUB,cam 358,nub9,,9.25,0.00
NUB,NUB,cam 460,nub12,814539011952,11.99,4.00
NUB,NUB,cam 464t,nub27,,9.25,0.00
NUB,NUB,conn 358,nub23,,8.50,0.00
NUB,NUB,conn 460,nub13,814539011990,8.75,0.00
NUB,NUB,conn 464t,nub14,,8.75,0.00
NUB,NUB,hab 358,nub8,,8.75,1.00
NUB,NUB,mad 464 t,nub6,,8.50,0.00
NUB,NUB,open to use,nub4,,0.00,0.00
OLIVA,OLIVA,conn resv dbl toro,o3YY,,18.99,14.00
OLIVA,OLIVA,ct conn reserv toro,o4,,15.99,-4.00
OLIVA,OLIVA,ct conn resv church,o3,814539011563,17.99,33.00
OLIVA,OLIVA,ct conn resv dbl toro,o2,,18.99,2.00
OLIVA,OLIVA,gran mad presi,o12,,10.99,0.00
OLIVA,OLIVA,open,o42,,18.99,0.00
OLIVA,OLIVA,open,o45,,24.99,0.00
OLIVA,OLIVA,open,o48,,26.99,0.00
OLIVA,OLIVA,open to use,o18,,18.99,0.00
OLIVA,OLIVA,serie g beli mad,o14,,11.25,0.00
OLIVA,OLIVA,serie g mad perfecto,o19,,10.99,0.00
OLIVA,OLIVA,serie g mad rob,o51,,10.99,35.00
OLIVA,OLIVA,serie g mad torp,o21,,9.99,0.00
OLIVA,OLIVA,serie g spe g,o23,,7.50,0.00
OLIVA,OLIVA,serie o dbl toro,o36,814539011853,18.99,9.00
OLIVA,OLIVA,serie o dbl toro,o36,814539011938,18.99,9.00
OLIVA,OLIVA,serie o mad church,o28,814539011914,15.99,28.00
OLIVA,OLIVA,serie o mad dbltoro,o29,,12.99,12.00
OLIVA,OLIVA,serie o mad rob,o30,,15.99,8.00
OLIVA,OLIVA,serie o mad torp,o37,,12.99,0.00
OLIVA,OLIVA,serie o nat church,o33,814539011877,13.99,18.00
OLIVA,OLIVA,serie o nat perfecto,o34,,11.25,0.00
OLIVA,OLIVA,serie o nat rob,o35,,10.99,0.00
OLIVA,OLIVA,serie o nat toro,o32,,12.99,59.00
OLIVA,OLIVA,serie v 135 ann perf,o41,,19.50,3.00
OLIVA,OLIVA,serie v church extra,o38,814539011464,21.99,20.00
OLIVA,OLIVA,serie v dbl rob,o39,814539011433,16.99,-1.00
OLIVA,OLIVA,serie v dbl toro,o40,814539011457,20.99,0.00
OLIVA,OLIVA,Serie V Mad Rob special,o24,,13.99,16.00
OLIVA,OLIVA,serie v mel church,o43,,26.99,20.00
OLIVA,OLIVA,serie v mel dbl toro special,o49,,16.99,0.00
OLIVA,OLIVA,serie v mel figurado,o50,,28.99,0.00
OLIVA,OLIVA,serie v mel mad rob,o46,,19.99,6.00
OLIVA,OLIVA,serie v mel mad sixty,o47,,28.99,0.00
OLIVA,OLIVA,serie v mel mad toro,o16,,25.99,6.00
OLIVA,OLIVA,serie v mel rob special,o17,,12.99,36.00
OLIVA,OLIVA,serie v mel toro special,o44,,14.99,15.00
OLIVA,OLIVA,serie v mel torpedo,o52,,26.99,20.00
OLIVA,OLIVA,Serie V robusto special,o15,,13.99,52.00
ORTEGA,ORTEGA,serie d no 7,or3,,8.99,17.00
ORTEGA,ORTEGA,serie d no10,or1,,10.25,13.00
ORTEGA,ORTEGA,serie d no6,or2,,8.99,20.00
ORTEGA,ORTEGA,serie d no8,or4,,9.50,17.00
PADRON,PADRON,1926 80th ann mad torp,p1,,55.99,0.00
PADRON,PADRON,1926 80th ann nat torp,p2,,54.99,0.00
PADRON,PADRON,1926 no 1 mad dbl cor,p4,,45.99,4.00
PADRON,PADRON,1926 no 1 nat dbl cor,p5,,45.99,0.00
PADRON,PADRON,1926 no 2 fig nat,p7,,39.99,36.00
PADRON,PADRON,1926 no 2 figu mad,p6,,38.99,-2.00
PADRON,PADRON,1926 no 35 mad short rob,p8,,22.99,0.00
PADRON,PADRON,1926 no 35 nat short rob,p9,,22.99,0.00
PADRON,PADRON,1926 no 40 mad beli,p10,,47.99,0.00
PADRON,PADRON,1926 no 40 nat,p11,,47.99,0.00
PADRON,PADRON,1926 no 47 toro mad,p12,,34.99,0.00
PADRON,PADRON,1926 no 47 toro nat,p13,,34.99,0.00
PADRON,PADRON,1926 no 48 mad 60,p14,,38.99,3.00
PADRON,PADRON,1926 no 48 nat gordo,p20,,38.99,0.00
PADRON,PADRON,1926 no 6 mad short rob,p16,,31.99,0.00
PADRON,PADRON,1926 no 6 nat,p21,,31.99,0.00
PADRON,PADRON,1926 no 9 toro mad,p18,,42.99,0.00
PADRON,PADRON,1926 no 9 toro nat,p19,,42.99,0.00
PADRON,PADRON,1926 no 90 tubo nat,p22,,39.99,0.00
PADRON,PADRON,1964 beli mad,p23,,32.99,0.00
PADRON,PADRON,1964 diplo mad dblcor,p24,,32.99,26.00
PADRON,PADRON,1964 diplo nat dblcor,p25,,31.99,0.00
PADRON,PADRON,1964 exclusivo mad,p26,,28.99,2.00
PADRON,PADRON,1964 exclusivo nat,p27,,28.99,10.00
PADRON,PADRON,1964 imperial mad,p57,,34.99,0.00
PADRON,PADRON,1964 imperial nat,p58,,34.99,0.00
PADRON,PADRON,1964 monar mad lancero,p30,,27.99,0.00
PADRON,PADRON,1964 monar nat lancero,p29,,27.99,0.00
PADRON,PADRON,1964 nat fig,p31,,24.75,0.00
PADRON,PADRON,1964 no 4 mad long60,p32,,45.00,0.00
PADRON,PADRON,1964 no 4 nat long60,p33,,43.99,0.00
PADRON,PADRON,1964 principe mad,p36,,23.99,0.00
PADRON,PADRON,1964 principe nat,p37,,23.99,0.00
PADRON,PADRON,1964 pyramide mad,p34,,33.99,0.00
PADRON,PADRON,1964 pyramide nat,p35,,33.99,0.00
PADRON,PADRON,1964 toro mad,p39,,28.99,0.00
PADRON,PADRON,1964 toro nat,p38,,28.99,0.00
PADRON,PADRON,1964 torp mad,p61,,36.99,0.00
PADRON,PADRON,1964 torpedo nat,p40,,36.99,3.00
PADRON,PADRON,1964 torpedo nat,p28,,33.99,1.00
PADRON,PADRON,2000 mad,p41,,15.99,0.00
PADRON,PADRON,2000 nat,p42,,15.99,44.00
PADRON,PADRON,3000 mad,p43,,17.99,40.00
PADRON,PADRON,3000 nat,p44,,17.99,75.00
PADRON,PADRON,4000 mad,p45,,20.99,63.00
PADRON,PADRON,4000 nat,p46,,20.99,49.00
PADRON,PADRON,5000 mad,p47,,21.99,41.00
PADRON,PADRON,5000 nat,p48,,21.99,59.00
PADRON,PADRON,6000 mad,p49,,22.99,-2.00
PADRON,PADRON,6000 nat,p50,,22.99,2.00
PADRON,PADRON,7000 mad,p51,,23.99,52.00
PADRON,PADRON,7000 nat,p52,,23.99,89.00
PADRON,PADRON,churchill mad,p54,,16.99,0.00
PADRON,PADRON,churchill nat,p55,,16.99,0.00
PADRON,PADRON,damaso 34 torp,p65,,24.99,0.00
PADRON,PADRON,embassador nat,p53,,10.75,12.00
PADRON,PADRON,fam resv 44 mad,p66,,53.99,0.00
PADRON,PADRON,magnum mad,p60,,24.99,3.00
PADRON,PADRON,open,p56,,0.00,0.00
PADRON,PADRON,superiores,p64,,0.00,5.00
PARTAGAS,PARTAGAS,exquisite cigarills,par1,,17.75,0.00
PARTAGAS,PARTAGAS,puritos 10cnt tin,par6,,25.25,0.00
PDR,PDR,conn 60,pd7,,8.75,0.00
PDR,PDR,conn rob,pd5,,7.25,0.00
PDR,PDR,conn toro,pd6,,8.00,2.00
PDR,PDR,mad 60,pd4,,8.75,0.00
PDR,PDR,maduro rob,pd2,,7.50,0.00
PDR,PDR,maduro toro,pd3,,8.00,0.00
PDR,PDR,ocsuro 60,pd1,,8.75,0.00
PDR,PDR,oscura rob,pd9,,7.25,13.00
PDR,PDR,oscura toro,pd8,,8.00,0.00
PERDOMO,PERDOMO,b cameroon,pe1,,12.75,15.00
PERDOMO,PERDOMO,champ noir rob,pe13,,10.25,0.00
PERDOMO,PERDOMO,champnoir fig,pe12,,10.00,0.00
PERDOMO,PERDOMO,ecuasion rob,pe4,,8.99,0.00
PERDOMO,PERDOMO,patriarch church,pe6,,10.99,0.00
PERDOMO,PERDOMO,patriarch epic,pe7,,9.25,0.00
PERDOMO,PERDOMO,patriarch lonsdale,pe8,,10.50,0.00
PERDOMO,PERDOMO,patriarch mad rob,pe9,,8.99,0.00
PERDOMO,PERDOMO,patriarch nat rob,pe10,,8.99,0.00
PERDOMO,PERDOMO,patriarch torp,pe11,,10.25,0.00
PERLA,PERLA DEL MAR,G,per1,,11.99,7.00
PERLA,PERLA DEL MAR,G mad,per5,,11.99,13.00
PERLA,PERLA DEL MAR,L,per6,,12.99,12.00
PERLA,PERLA DEL MAR,L mad,per7,,12.99,19.00
PERLA,PERLA DEL MAR,M,per2,,10.99,0.00
PERLA,PERLA DEL MAR,M mad,per8,,10.99,18.00
PERLA,PERLA DEL MAR,P,per3,,9.99,84.00
PERLA,PERLA DEL MAR,pdm dbl toro cor,per10,076622072404,13.99,136.00
PERLA,PERLA DEL MAR,pdm toro corojo,per11,076622072305,13.99,53.00
PERLA,PERLA DEL MAR,PDM TORO SAMPLER,per12,,47.99,0.00
PERLA,PERLA DEL MAR,TG,per4,076622027046,12.99,8.00
PERLA,PERLA DEL MAR,TG mad,per9,,12.99,0.00
PIER28,PIER28,hab cor gorda,pi1,,9.99,7.00
PIER28,PIER28,hab rob,pi2,,9.99,7.00
PIER28,PIER28,hab toro,pi3,,11.25,8.00
PLASENCI,PLASENCIA,ALMA CAMPO MADRONO,PL8,,29.99,1.00
PLASENCI,PLASENCIA,ALMA CAMPO TRAVESIA,PL10,,26.99,0.00
PLASENCI,PLASENCIA,ALMA FUEGO CANDENTE,PL7,,23.99,10.00
PLASENCI,PLASENCIA,ALMA FUEGO CONCEPCION,PL13,,25.99,4.00
PLASENCI,PLASENCIA,ALMA FUERTE GENE V,PL4,,36.99,0.00
PLASENCI,PLASENCIA,ALMA FUERTE NAT 60 HEX,PL2,,31.99,0.00
PLASENCI,PLASENCIA,ALMA FUERTE NAT EDUARDO TORO,PL6,,31.99,0.00
PLASENCI,PLASENCIA,ALMA FUERTE NAT ROB  I,PL11,,31.99,5.00
PLASENCI,PLASENCIA,ALMA FUERTE NAT ROB II,PL12,,29.99,0.00
PLASENCI,PLASENCIA,ALMA FUERTE SIXTO II HEX,PL3,,31.99,0.00
PLASENCI,PLASENCIA,AMLA FUERTE NESTOR IV,PL9,,33.99,0.00
PLASENCI,PLASENCIA,COSECHA AZACUALPA TORO,PL5,,23.99,0.00
PLASENCI,PLASENCIA,COSECHA LA MUSICA ROB,PL14,,18.99,0.00
PLASENCI,PLASENCIA,COSECHA LA TRADICION TORO,PL15,,21.99,0.00
PLASENCI,PLASENCIA,COSECHA SANTA FE GORD,PL1,,19.99,10.00
PLASENCI,PLASENCIA,YEAR OF THE SNAKE,PL16,,52.99,5.00
PUNCH,PUNCH,after dinner ems,pu1,,9.99,0.00
PUNCH,PUNCH,bassmaster combo pk,pu2,,29.99,0.00
PUNCH,PUNCH,champion ems nat,pu4,,8.25,0.00
PUNCH,PUNCH,coronation deluxe ems,pu23,,7.75,3.00
PUNCH,PUNCH,elites ems,pu7,,5.99,0.00
PUNCH,PUNCH,elites mad,pu8,,5.99,0.00
PUNCH,PUNCH,gran cru mad rob,pu14,,11.99,5.00
PUNCH,PUNCH,gran puro rancho,pu11,,13.00,4.00
PUNCH,PUNCH,gran puro sienna,pu13,,12.50,2.00
PUNCH,PUNCH,magnum ems,pu16,,9.50,0.00
PUNCH,PUNCH,magnum mad,pu17,,9.50,0.00
PUNCH,PUNCH,minitures,pu19,,20.99,0.00
PUNCH,PUNCH,pitas ems nat,pu18,,10.25,9.00
PUNCH,PUNCH,rare corojo roth,pu20,,6.99,0.00
PUNCH,PUNCH,rothchild mad,pu21,,5.99,0.00
PUNCH,PUNCH,rothchild nat,pu22,,5.99,0.00
PUNCH,PUNCH,sample 6pk,pu24,,39.99,0.00
QUESADA,QUESADA,40th annv rob,qu1,,9.50,0.00
QUESADA,QUESADA,40th annv salomon,qu2,,12.99,0.00
QUESADA,QUESADA,40th annv toro 6x54,qu4,,9.99,1.00
QUESADA,QUESADA,40th annv toro 6x65,qu3,,13.99,0.00
QUESADA,QUESADA,70th ann toro,qu10,844111012039,16.50,15.00
QUESADA,QUESADA,70th annv beli,qu6,844111012015,16.25,0.00
QUESADA,QUESADA,reserv pri rob,qu7,,19.99,16.00
QUESADA,QUESADA,reserv pri toro,qu8,,17.50,0.00
QUESADA,QUESADA,reserv pri toro grande,qu9,,21.99,14.00
QUORUM,QUORUM,mad toro,q2,,2.50,3.00
QUORUM,QUORUM,mad torp,q7,,2.99,7.00
QUORUM,QUORUM,shade church,q1,,2.99,2.00
QUORUM,QUORUM,shade dbl gord,q3,,3.49,8.00
QUORUM,QUORUM,shade rob,q4,,2.29,13.00
QUORUM,QUORUM,shade shrt rob,q5,,1.99,12.00
QUORUM,QUORUM,shade toro,q6,,2.75,18.00
R & J,R & J,1875 bully,rj1,076452351182,12.99,75.00
R & J,R & J,1875 church,rj5,076452351151,15.99,0.00
R & J,R & J,1875 conn nic toro,rj4,,13.99,0.00
R & J,R & J,1875 dlx cedro 1,rj3,,11.99,0.00
R & J,R & J,1875 exh no 3,rj6,,9.99,0.00
R & J,R & J,1875 tin,r53,,22.99,0.00
R & J,R & J,20 mini aroma tin,rj54,,20.99,0.00
R & J,R & J,aniv corona,rj7,,8.25,9.00
R & J,R & J,aniv no 2,rj9,,10.50,0.00
R & J,R & J,aniv toro,rj10,,10.50,0.00
R & J,R & J,ann rob,rj8,,9.25,6.00
R & J,R & J,clemen tubo,rj11,,11.99,0.00
R & J,R & J,hab res beli,rj12,,9.50,0.00
R & J,R & J,hab res toro,rj14,076452349936,8.75,0.00
R & J,R & J,hab res toro,rj154,,8.75,2.00
R & J,R & J,hab resv amor,rj39,,14.99,0.00
R & J,R & J,habano resv rothchild tubo,rj13,,10.25,0.00
R & J,R & J,med oro church,rj15,,9.99,0.00
R & J,R & J,miniblue tin,r52,,22.99,0.00
R & J,R & J,miniwhite tin,r51,,22.99,0.00
R & J,R & J,open,rj2,,10.25,0.00
R & J,R & J,pet num dos tub,rj17,076452351427,9.50,4.00
R & J,R & J,petite no 2 tubo,rj16,,10.50,0.00
R & J,R & J,reserve toro,r50,,12.99,1.00
R & J,R & J,resv 6 ct. pet,rj25,,22.99,0.00
R & J,R & J,resv cigarillos,rj33,,14.99,0.00
R & J,R & J,resv hab church,rj34,,10.25,0.00
R & J,R & J,resv mad church,rj35,,10.25,0.00
R & J,R & J,resv mad lons,rj36,,7.99,0.00
R & J,R & J,resv real 2,rj37,,10.99,0.00
R & J,R & J,resv real amor,rj32,,22.75,0.00
R & J,R & J,resv real cig,rj19,,4.99,0.00
R & J,R & J,resv real conn church,rj18,,14.99,0.00
R & J,R & J,resv real conn rob,rj28,076452351694,8.75,0.00
R & J,R & J,resv real conn toro,rj31,076452351687,13.99,0.00
R & J,R & J,resv real cor,rj20,,7.75,0.00
R & J,R & J,resv real lan mad,rj21,,8.50,0.00
R & J,R & J,resv real lons,rj22,,8.75,0.00
R & J,R & J,resv real love,rj23,,7.75,0.00
R & J,R & J,resv real mag,rj24,,9.99,0.00
R & J,R & J,resv real pet rob,rj26,,7.99,0.00
R & J,R & J,resv real porto,rj27,,8.75,0.00
R & J,R & J,resv real roth,rj29,,10.25,-1.00
R & J,R & J,resv real tubo,rj30,,9.75,0.00
R & J,R & J,rj ash,rj38,,20.99,0.00
R & J,R & J,silver rothchild tubo,rj47,,10.25,0.00
R & J,R & J,tubo church,rj40,,12.25,0.00
R & J,R & J,vint 1,rj49,,14.99,0.00
R & J,R & J,vint 6 x 43,rj41,,11.50,0.00
R & J,R & J,vint III,rj42,,15.99,2.00
R & J,R & J,vint IV,rj43,,16.99,0.00
R & J,R & J,vint V,rj44,,17.99,26.00
R & J,R & J,vint VI,rj45,,19.99,3.00
R & J,R & J,vint VII,rj46,,13.50,0.00
ROCKY P,ROCKY PATEL,15 aniv toro,rp2,,13.99,0.00
ROCKY P,ROCKY PATEL,15th ann rob,rp74,,13.99,59.00
ROCKY P,ROCKY PATEL,15th ann tubo,rp200,846261007484,16.99,79.00
ROCKY P,ROCKY PATEL,30th ann sixty,rp81,,30.00,0.00
ROCKY P,ROCKY PATEL,30th ann toro,rp80,,28.99,0.00
ROCKY P,ROCKY PATEL,92 vin junior tin,rp58,,29.99,4.00
ROCKY P,ROCKY PATEL,ALR  2ND ED toro,rp76,846261025730,24.99,46.00
ROCKY P,ROCKY PATEL,ALR 2ND ED ROB,rp6,846261025723,22.99,16.00
ROCKY P,ROCKY PATEL,ALR 2ND ED SIXTY,rp29,846261025761,26.99,5.00
ROCKY P,ROCKY PATEL,dark star rob,rp11,,15.75,11.00
ROCKY P,ROCKY PATEL,dark star sixty,rp75,846261014864,18.99,20.00
ROCKY P,ROCKY PATEL,dark star toro,rp45,,17.99,32.00
ROCKY P,ROCKY PATEL,DBS sixty,rp13,846261030208,34.50,9.00
ROCKY P,ROCKY PATEL,DBS toro,rp12,846261030192,31.50,31.00
ROCKY P,ROCKY PATEL,decade cam rob,rp5,,12.99,60.00
ROCKY P,ROCKY PATEL,decade cam toro,rp23,,13.99,41.00
ROCKY P,ROCKY PATEL,decade rob,rp8,,13.99,4.00
ROCKY P,ROCKY PATEL,decade toro,rp9,,21.99,10.00
ROCKY P,ROCKY PATEL,decade TORPEDO,rp7,846261000768,22.99,0.00
ROCKY P,ROCKY PATEL,Disciple sixty,rp56,,21.99,12.00
ROCKY P,ROCKY PATEL,DISCIPLE TORO,rp18,846261028472,19.99,10.00
ROCKY P,ROCKY PATEL,edge 20th ann sixty,rp78,846261030284,21.99,32.00
ROCKY P,ROCKY PATEL,edge 20th ann toro,rp4,846261030260,19.99,25.00
ROCKY P,ROCKY PATEL,EDGE A10 SIXTY,rp47,,18.99,25.00
ROCKY P,ROCKY PATEL,EDGE A10 TORO,rp27,846261012389,14.99,30.00
ROCKY P,ROCKY PATEL,edge coro battalion,rp28,,13.99,4.00
ROCKY P,ROCKY PATEL,edge coro toro,rp30,,9.99,50.00
ROCKY P,ROCKY PATEL,edge coro torp,rp31,,9.99,38.00
ROCKY P,ROCKY PATEL,edge dbl cor mad,rp33,,9.99,3.00
ROCKY P,ROCKY PATEL,edge dbl cor nat,rp32,,9.75,5.00
ROCKY P,ROCKY PATEL,edge hab battalion,rp37,,13.99,38.00
ROCKY P,ROCKY PATEL,edge hab toro,rp34,,9.99,7.00
ROCKY P,ROCKY PATEL,edge hab torp,rp35,,9.99,5.00
ROCKY P,ROCKY PATEL,edge lmtd ed,rp36,,15.99,0.00
ROCKY P,ROCKY PATEL,edge mad battalion,rp39,,13.99,9.00
ROCKY P,ROCKY PATEL,edge mad rob,rp40,,9.99,0.00
ROCKY P,ROCKY PATEL,Edge toro sampler,rp73,,35.99,15.00
ROCKY P,ROCKY PATEL,EMERALD 6X60,rp46,,20.99,43.00
ROCKY P,ROCKY PATEL,EMERALD ROBUSTO,rp67,,17.99,34.00
ROCKY P,ROCKY PATEL,EMERALD TORO,rp19,846261028496,19.99,27.00
ROCKY P,ROCKY PATEL,GOLD LABEL HALF COR,rp16,846261031656,14.99,22.00
ROCKY P,ROCKY PATEL,GOLD LABEL ROB,rp41,846261031670,18.00,55.00
ROCKY P,ROCKY PATEL,GOLD LABEL SIXTY,rp62,846261031717,21.00,35.00
ROCKY P,ROCKY PATEL,GOLD LABEL TORO,rp44,846261031694,19.50,39.00
ROCKY P,ROCKY PATEL,LB1 CHURCH,rp38,846261025709,16.99,18.00
ROCKY P,ROCKY PATEL,LB1 SIXTY,rp14,846261025686,19.99,7.00
ROCKY P,ROCKY PATEL,LB1 TORO,rp17,846261025662,17.99,21.00
ROCKY P,ROCKY PATEL,open to use,rp100,,19.99,0.00
ROCKY P,ROCKY PATEL,plat rob,rp15,,12.99,30.00
ROCKY P,ROCKY PATEL,Sixty rob,rp77,846261027734,26.99,44.00
ROCKY P,ROCKY PATEL,Sixty Sixty,rp26,846261027772,29.99,28.00
ROCKY P,ROCKY PATEL,Sixty toro,rp1,846261027758,28.25,23.00
ROCKY P,ROCKY PATEL,summer col lancero,rp3,,9.99,6.00
ROCKY P,ROCKY PATEL,sungrown mad rob,rp20,,12.99,26.00
ROCKY P,ROCKY PATEL,sungrown mad toro,rp42,,17.99,20.00
ROCKY P,ROCKY PATEL,sungrown toro,rp22,,17.99,25.00
ROCKY P,ROCKY PATEL,sungrown torp,rp25,,18.99,3.00
ROCKY P,ROCKY PATEL,sungrown tubo,rp24,,18.99,2.00
ROCKY P,ROCKY PATEL,vin 1999 junior tin,rp68,,29.99,8.00
ROCKY P,ROCKY PATEL,vin 2003 junior tin,rp61,,29.99,10.00
ROCKY P,ROCKY PATEL,vint 1990 church,rp43,,12.99,17.00
ROCKY P,ROCKY PATEL,vint 1990 juniors tin,rp64,,29.99,8.00
ROCKY P,ROCKY PATEL,vint 1990 rob,rp48,846261000089,16.99,26.00
ROCKY P,ROCKY PATEL,vint 1990 sixty,rp49,,15.99,1.00
ROCKY P,ROCKY PATEL,vint 1990 toro,rp50,,17.99,20.00
ROCKY P,ROCKY PATEL,vint 1990 torp,rp51,,13.99,2.00
ROCKY P,ROCKY PATEL,vint 1992 church,rp52,,12.99,4.00
ROCKY P,ROCKY PATEL,vint 1992 perf,rp55,,9.99,1.00
ROCKY P,ROCKY PATEL,vint 1992 rob,rp57,846261000249,10.99,1.00
ROCKY P,ROCKY PATEL,vint 1992 toro,rp59,,13.99,55.00
ROCKY P,ROCKY PATEL,vint 1992 toro tubo,rp54,,14.99,13.00
ROCKY P,ROCKY PATEL,vint 1999 con dlx toro tub,rp65,,13.75,0.00
ROCKY P,ROCKY PATEL,vint 1999 conn 60,rp63,,15.99,0.00
ROCKY P,ROCKY PATEL,vint 2003 sixty,rp69,846261007453,21.00,20.00
ROCKY P,ROCKY PATEL,vint 2003 toro,rp70,846261007392,18.25,20.00
ROCKY P,ROCKY PATEL,vint 2006 rob,rp66,,17.99,20.00
ROCKY P,ROCKY PATEL,vint 2006 toro,rp71,,18.99,12.00
ROCKY P,ROCKY PATEL,vint 90 lmtd ed,rp72,,15.99,0.00
ROCKY P,ROCKY PATEL,vint 92 church tubo glass,rp53,,11.99,13.00
ROCKY P,ROCKY PATEL,white label rob,rp60,,29.99,4.00
ROCKY P,ROCKY PATEL,white label sixty,rp79,846261028564,34.99,0.00
ROCKY P,ROCKY PATEL,white label toro,rp10,846261028540,33.25,5.00
ROCKY P,ROCKY PATEL,YR OF THE DRAGON,rp21,846261031427,44.99,17.00
ROMA C,ROMA CRAFT,ambition,rc1,,14.99,0.00
ROMA C,ROMA CRAFT,breach,rc3,,14.99,0.00
ROMA C,ROMA CRAFT,brother kind,rc4,,17.99,38.00
ROMA C,ROMA CRAFT,cranium,rc5,,19.99,0.00
ROMA C,ROMA CRAFT,cro mode 5,rc6,,14.99,0.00
ROMA C,ROMA CRAFT,dragger,rc7,,15.99,0.00
ROMA C,ROMA CRAFT,EMH,rc8,,17.99,0.00
ROMA C,ROMA CRAFT,HN,rc10,,15.99,0.00
ROMA C,ROMA CRAFT,Hoxd,rc2,,15.99,0.00
ROMA C,ROMA CRAFT,industry,rc9,,14.99,0.00
ROMA C,ROMA CRAFT,virtue,rc11,,14.99,0.00
ROOM 101,ROOM 101,213,RM1,,6.75,0.00
ROOM 101,ROOM 101,305,rm2,,8.99,0.00
ROOM 101,ROOM 101,conn 305,rm3,,7.50,0.00
ROOM 101,ROOM 101,conn 404,rm4,,8.99,0.00
ROOM 101,ROOM 101,daruma sucio,rm21,,13.99,0.00
ROOM 101,ROOM 101,hond 213,rm6,,7.50,0.00
ROOM 101,ROOM 101,hond 305,rm7,,7.99,0.00
ROOM 101,ROOM 101,hond 615,rm8,,10.99,11.00
ROOM 101,ROOM 101,hond 808,rm9,,9.99,0.00
ROOM 101,ROOM 101,mast bln ll papi chulo,rm5,,7.25,0.00
ROOM 101,ROOM 101,mstr bl I sucio,rm11,,13.75,0.00
ROOM 101,ROOM 101,mstr bl II papi,rm12,,7.50,0.00
ROOM 101,ROOM 101,mstr bl III sucio,rm13,,14.50,0.00
ROOM 101,ROOM 101,mstr papi chulo,rm10,,7.50,2.00
ROOM 101,ROOM 101,nama filero,rm14,,10.50,0.00
ROOM 101,ROOM 101,nama monstro,rm15,,14.25,0.00
ROOM 101,ROOM 101,nama papi chulo,rm16,,7.50,0.00
ROOM 101,ROOM 101,nama ranfla,rm17,,12.75,0.00
ROOM 101,ROOM 101,nama sucio,rm18,,12.99,0.00
ROOM 101,ROOM 101,nama tiburon,rm19,,10.99,0.00
ROOM 101,ROOM 101,san adreas 305,rm20,,7.50,0.00
SANCHOPA,SANCHO PANZA,cordobas,san1,,6.50,40.00
SANCRIST,SAN CRISTOBAL,coloso,sc1,,12.50,0.00
SANCRIST,SAN CRISTOBAL,eleg imperial,sc2,,10.25,0.00
SANCRIST,SAN CRISTOBAL,fabuloso,sc3,,12.99,0.00
SANCRIST,SAN CRISTOBAL,papagayo,sc4,,11.75,0.00
SANCRIST,SAN CRISTOBAL,rev legend,sc5,,10.25,0.00
SANCRIST,SAN CRISTOBAL,rev odyssey,sc6,,11.25,0.00
SANCRIST,SAN CRISTOBAL,rev prophet,sc7,,9.99,0.00
SANCRIST,SAN CRISTOBAL,supremo,sc8,,11.25,0.00
SENORIAL,SENORIAL,le grand,sen1,,12.50,16.00
SENORIAL,SENORIAL,lonsdale mad,sen2,638888375790,9.50,14.00
SENORIAL,SENORIAL,opulento mad nat,sen3,,12.50,12.00
SENORIAL,SENORIAL,paco rob,sen4,,9.99,0.00
SENORIAL,SENORIAL,rob maduro,sen5,,10.50,12.00
SENORIAL,SENORIAL,senor 65 anni,sen6,,18.99,0.00
SENORIAL,SENORIAL,toro bravo,sen7,,13.50,65.00
SENORIAL,SENORIAL,toro maduro,sen8,,11.25,21.00
TATIANA,TATIANA,10 ct mini cig van,ta3,,35.00,0.00
TATIANA,TATIANA,10ct mini cig hon,ta1,,35.00,0.00
TATIANA,TATIANA,10ct mini cig trop,ta2,,35.00,0.00
TATIANA,TATIANA,cherry tins,ta6,,20.99,0.00
TATIANA,TATIANA,chocolate tins,ta7,788135045362,20.99,0.00
TATIANA,TATIANA,classic rum,ta8,,5.75,0.00
TATIANA,TATIANA,cognac cigar,ta10,,5.50,0.00
TATIANA,TATIANA,cognac small tin,ta11,,20.99,0.00
TATIANA,TATIANA,cognac tins,ta12,,20.99,0.00
TATIANA,TATIANA,fusion frenzy tin,ta13,788135060044,36.99,1.00
TATIANA,TATIANA,groovy blue,ta14,,5.99,0.00
TATIANA,TATIANA,groovy blue rob,ta15,,7.50,0.00
TATIANA,TATIANA,groovy blue smll tin,ta16,,20.99,0.00
TATIANA,TATIANA,groovy blue tin,ta17,,19.99,0.00
TATIANA,TATIANA,honey tin,ta18,,20.99,0.00
TATIANA,TATIANA,honey tins,ta19,,20.99,0.00
TATIANA,TATIANA,night cap,ta20,,5.99,0.00
TATIANA,TATIANA,night cap tin,ta21,,42.99,0.00
TATIANA,TATIANA,open,ta9,,7.50,0.00
TATIANA,TATIANA,rum robusto,ta4,,8.50,0.00
TATIANA,TATIANA,rum tin,ta22,,19.99,0.00
TATIANA,TATIANA,rum tins,ta23,,20.99,0.00
TATIANA,TATIANA,singles honey,ta24,,2.10,24.00
TATIANA,TATIANA,singles tropical,ta25,,2.10,25.00
TATIANA,TATIANA,singles vanilla,ta26,,2.10,0.00
TATIANA,TATIANA,sweet euphoria,ta27,,5.50,0.00
TATIANA,TATIANA,sweet euphoria tin,ta28,,36.99,-1.00
TATIANA,TATIANA,tatiana cherry,ta5,,5.50,0.00
TATIANA,TATIANA,vanilla rob,ta33,,8.50,0.00
TATIANA,TATIANA,vanilla singles,ta29,,2.10,0.00
TATIANA,TATIANA,vanilla tins,ta30,,20.99,0.00
TATIANA,TATIANA,waking dream,ta31,,5.50,0.00
TATIANA,TATIANA,waking dream tin,ta32,,36.99,0.00
TATUAJE,TATUAJE,15TH ANN TORP,tat25,,31.50,0.00
TATUAJE,TATUAJE,blue verocu 1,tat21,,18.99,11.00
TATUAJE,TATUAJE,blue verocu 2,tat22,,18.99,15.00
TATUAJE,TATUAJE,cab noellas,tat4,,13.99,0.00
TATUAJE,TATUAJE,cab tainos,tat5,,21.00,0.00
TATUAJE,TATUAJE,cab unicos,tat6,,19.99,0.00
TATUAJE,TATUAJE,casadorez,tat14,,8.99,1.00
TATUAJE,TATUAJE,cojonu 2003,tat10,,24.00,0.00
TATUAJE,TATUAJE,cojonu 2006,tat20,,24.00,1.00
TATUAJE,TATUAJE,cojonu 2009,tat9,,25.99,10.00
TATUAJE,TATUAJE,COJONU 2012 HAB,tat26,,19.50,0.00
TATUAJE,TATUAJE,COJONU 2012 SUMATRA,tat27,,19.50,5.00
TATUAJE,TATUAJE,COJONU 2015,tat30,651989002549,19.99,0.00
TATUAJE,TATUAJE,fausto,tat11,,13.99,0.00
TATUAJE,TATUAJE,FAUSTO FT 127,tat12,651989001702,13.50,0.00
TATUAJE,TATUAJE,FAUSTO FT 153,tat24,651989001740,14.25,11.00
TATUAJE,TATUAJE,gran cojonu 2012,tat3,,27.00,-1.00
TATUAJE,TATUAJE,lomo de cerdo,tat8,,18.99,38.00
TATUAJE,TATUAJE,MONSTER SMASH,tat1,,18.99,125.00
TATUAJE,TATUAJE,nobles,tat13,,8.25,0.00
TATUAJE,TATUAJE,Nuevitas Jib no 1,tat2,,14.99,0.00
TATUAJE,TATUAJE,reserva J21,tat15,,21.00,0.00
TATUAJE,TATUAJE,reserva sw,TAT28,,22.99,0.00
TATUAJE,TATUAJE,the michael,tat18,,23.99,0.00
TATUAJE,TATUAJE,verocu no 1,t24,651989000941,16.99,13.00
TATUAJE,TATUAJE,verocu no 2,tat19,651989000965,16.99,1.00
TATUAJE,TATUAJE,verocu no 3,tat23,,11.25,-1.00
TATUAJE,TATUAJE,vi almirantes,tat17,651989000903,13.99,0.00
THEOSCAR,THE OSCAR,cis toro gr/bl,th3,,14.25,0.00
THEOSCAR,THE OSCAR,cis toro green,th4,,14.25,0.00
THEOSCAR,THE OSCAR,cis toro pur,th5,,14.25,18.00
THEOSCAR,THE OSCAR,cis toro pur ***,th1,,14.25,0.00
THEOSCAR,THE OSCAR,cis toro red,th6,,14.25,0.00
THEOSCAR,THE OSCAR,conn 60,th7,,18.99,-1.00
THEOSCAR,THE OSCAR,conn toro,th8,,17.99,0.00
THEOSCAR,THE OSCAR,corojo 60,th9,644216079704,21.99,2.00
THEOSCAR,THE OSCAR,corojo toro,th10,,19.99,44.00
THEOSCAR,THE OSCAR,hab 60,th11,644216077106,26.99,7.00
THEOSCAR,THE OSCAR,hab robusto,th2,644216077007,15.00,7.00
THEOSCAR,THE OSCAR,hab toro,th12,644216076901,24.99,6.00
THEOSCAR,THE OSCAR,mad 60,th13,,18.75,0.00
THEOSCAR,THE OSCAR,mad 60,th15,644216077403,26.99,5.00
THEOSCAR,THE OSCAR,mad toro,th14,644216077205,24.99,9.00
THEOSCAR,THE OSCAR,sumatra 60,th16,,18.99,-1.00
THEOSCAR,THE OSCAR,sumatra toro,th17,,17.99,0.00
TRADERJ,TRADER JACKS,aromatic cigars,tra1,,4.99,11.00
TRINIDAD,TRINIDAD,gift pck cor,tri1,,64.99,1.00
TRINIDAD,TRINIDAD,gift pck torp,tri2,,80.00,2.00
VARTAN,VARTAN,belicoso,v1,,19.99,15.00
VARTAN,VARTAN,churchill,v2,,19.99,16.00
VARTAN,VARTAN,piramide,v3,,21.25,21.00
VIVA REP,VIVA REPUBLICA,rapt harasha,vi1,,11.50,0.00
VIVA REP,VIVA REPUBLICA,rapt perdition,vi2,,9.75,13.00
VIVA REP,VIVA REPUBLICA,rapt revel,vi3,,10.50,4.00
WARFIGHT,WARFIGHTER,NIGHT SHIFT toro,NIGHTSHF,,15.99,0.00
WARFIGHT,WARFIGHTER,PELI HUM BLK,04,,146.00,44.00
WARFIGHT,WARFIGHTER,PELI HUM GREEN,03,,125.00,0.00
WARFIGHT,WARFIGHTER,PELI HUM TAN,02,,110.00,0.00
WARFIGHT,WARFIGHTER,VIC 4TH EDIT,VIC4,,26.99,0.00
WARFIGHT,WARFIGHTER,VIC4EDITION,01,,26.99,0.00
ZIKAR,XIKAR,10cig travel humi,z1,,35.00,0.00
ZIKAR,XIKAR,11mm twist punch blk,z12,,45.00,0.00
ZIKAR,XIKAR,11mm twist punch blk,z2,,45.00,1.00
ZIKAR,XIKAR,11mm twist punch gunm,z3,,44.99,0.00
ZIKAR,XIKAR,11mm twist punch silv,z4,,45.00,0.00
ZIKAR,XIKAR,15cig travel humi,z5,,40.00,-2.00
ZIKAR,XIKAR,2oz crystal humi,z6,,7.99,0.00
ZIKAR,XIKAR,4oz crystal humi,z7,,12.00,0.00
ZIKAR,XIKAR,5cig travel humi,z8,,30.00,0.00
ZIKAR,XIKAR,5x64 lighter blk,z16,,80.00,0.00
ZIKAR,XIKAR,5x64 lighter brz silv,z23,,80.00,0.00
ZIKAR,XIKAR,5x64 lighter g2,z25,,80.00,0.00
ZIKAR,XIKAR,75 ring gauge cut blk,z22,,50.00,0.00
ZIKAR,XIKAR,75 ring gauge cut camo,z19,,50.00,0.00
ZIKAR,XIKAR,allume dbl light alp wht,z35,,80.00,0.00
ZIKAR,XIKAR,allume dbl light riot red,z42,,80.00,0.00
ZIKAR,XIKAR,allume dbl light stealth g2,z36,,80.00,0.00
ZIKAR,XIKAR,allume lighter tux blk,z27,,80.00,0.00
ZIKAR,XIKAR,allume single light mateblk,z45,,60.00,0.00
ZIKAR,XIKAR,allume single light pink,z43,,60.00,0.00
ZIKAR,XIKAR,allume single light yellow,z44,,60.00,0.00
ZIKAR,XIKAR,carbon fiber cutter bx,z11,,99.99,0.00
ZIKAR,XIKAR,cirro highalt light silv,z39,,50.00,0.00
ZIKAR,XIKAR,crystal 100humi,z50,,12.99,0.00
ZIKAR,XIKAR,envoy 3cig case blk,z9,,45.00,0.00
ZIKAR,XIKAR,envoy 3cig case brwn,z10,,45.00,0.00
ZIKAR,XIKAR,executive light red,z30,,50.00,0.00
ZIKAR,XIKAR,exl light g2,z37,,75.00,0.00
ZIKAR,XIKAR,gel bar,z51,,9.99,0.00
ZIKAR,XIKAR,propylene 16oz,z49,,12.99,0.00
ZIKAR,XIKAR,propylene 8oz,z48,,7.99,0.00
ZIKAR,XIKAR,pulsar light red gmental,z32,,80.00,0.00
ZIKAR,XIKAR,pulsar lighter blk,z26,,100.00,0.00
ZIKAR,XIKAR,pulsar triple light g2,z53,,100.00,0.00
ZIKAR,XIKAR,resource light blk g2trim,z38,,60.00,0.00
ZIKAR,XIKAR,stratosphere 11 clear,z52,,30.00,0.00
ZIKAR,XIKAR,stratosphere II blk,z40,,30.00,0.00
ZIKAR,XIKAR,trezo light g2,z33,,100.00,0.00
ZIKAR,XIKAR,vitara light g2,z41,,75.00,0.00
ZIKAR,XIKAR,vitara light red gmental,z29,,75.00,0.00
ZIKAR,XIKAR,vitara light white,z34,,75.00,0.00
ZIKAR,XIKAR,volta light blk,z47,,110.00,0.00
ZIKAR,XIKAR,volta light g2,z46,,110.00,0.00
ZIKAR,XIKAR,vx vcut blk,z20,,55.00,0.00
ZIKAR,XIKAR,x13 cutter carbon fiber,z18,,65.00,0.00
ZIKAR,XIKAR,xi1 cutter blue,z14,,65.00,0.00
ZIKAR,XIKAR,xi1 cutter red,z24,,65.00,0.00
ZIKAR,XIKAR,xi2 cutter malachite,z17,,45.00,0.00
ZIKAR,XIKAR,xidris light chop oran,z31,,70.00,0.00
ZIKAR,XIKAR,xidris light sanstone tan,z28,,70.00,0.00
ZIKAR,XIKAR,xo cutter chopper oran,z21,,120.00,0.00
ZIKAR,XIKAR,xo cuttter redblk,z13,,119.99,0.00
ZINO,ZINO,master edit 2010,zi1,,18.75,8.00
ZINO,ZINO,scepter cane,zi2,,14.99,13.00
ZINO,ZINO,scepter chubby tubo,zi,,18.99,0.00
ZINO,ZINO,scepter pudge,zi4,,10.75,6.00
ZINO,ZINO,scepter stout,zi5,,22.25,6.00
